Row ID,Area,Code,Item,Field,LOCKED SOURCE value,Locked source reference,CURRENT v0.9 value,Status,Recommended correction,ROM change required,Decision needed,Notes
X0001,Equipment - weapon,EQ-W01,Tempered Edge,Name,Tempered Edge,Content_Data v1.2 xlsx Weapons,locked_name 'Tempered Edge',MATCH,—,No,,
X0002,Equipment - weapon,EQ-W01,Tempered Edge,In-game display name (12-char field),Tempered Edge,Content_Data v1.2 xlsx Weapons,'TemperedEdge',DERIVED,Accept the abbreviation (R21) or approve a UI name-field widening (engine work),"Yes - text, only if changed",Confirm,
X0003,Equipment - weapon,EQ-W01,Tempered Edge,Category / slot,Weapon,Content_Data v1.2 xlsx Weapons,weapon/sword (template Falchion),MATCH,—,No,,
X0004,Equipment - weapon,EQ-W01,Tempered Edge,Equip mask (users),Terra/Celes/Edgar/Locke,Content_Data v1.2 xlsx Weapons,"Terra, Locke, Edgar, Celes",MATCH,—,No,,
X0005,Equipment - weapon,EQ-W01,Tempered Edge,Attack (battle power),188,Content_Data v1.2 xlsx Weapons,188,MATCH,—,No,,
X0006,Equipment - weapon,EQ-W01,Tempered Edge,Stat bonuses (Vig/Spd/Sta/Mag/Eva/M.Eva),"Vig +2, Eva +10",Content_Data v1.2 xlsx Weapons,"Vig +2, Eva +10",MATCH,—,No,,
X0007,Equipment - weapon,EQ-W01,Tempered Edge,Element / status / special effect,none (stats only),Content_Data v1.2 xlsx Weapons,none,MATCH,—,No,,
X0008,Equipment - weapon,EQ-W01,Tempered Edge,Hit rate,not specified,Content_Data v1.2 xlsx Weapons,150 (family default (vanilla sword hit 150)),DERIVED,Accept family default,Yes - data only if changed,,
X0009,Equipment - weapon,EQ-W01,Tempered Edge,Weapon flags / spear (Jump x2),not specified,Content_Data v1.2 xlsx Weapons,"flags ['RUNIC', 'TWO_HAND', 'BUSHIDO']; spear=False",DERIVED,Accept family default,Yes - data only if changed,,
X0010,Equipment - weapon,EQ-W01,Tempered Edge,Acquisition / source,Narshe forge quest; Bible §12 'The Empty Forge' (find surviving smith) REWARD = Tempered Edge; Bible §19 'Reopened Narshe Forge' SELLS Tempered Edge,"Content_Data v1.2 xlsx Weapons; Master Design Bible v1.0 §12, §19",smith_purchase: Narshe forge quest; conditions ['PREREQ_NARSHE_FORGE_QUEST']; symbol EV_SMITH_NARSHE_TEMPERED_EDGE,DERIVED,"Choose delivery: (a) Empty Forge quest reward, 1 copy (Bible §12), or (b) one-time forge purchase after the quest (current model, Bible §19). Sources disagree internally.",No (source metadata only; placing it later is CONTENT work),YES,Locked sources conflict (reward vs shop).
X0011,Equipment - weapon,EQ-W01,Tempered Edge,Smith GP cost,"no GP value locked; Bible §19 gil sink target 150,000-250,000 across all reconstruction purchases",Master Design Bible v1.0 §19,18000 GP,DERIVED,Confirm or set price within the gil-sink target,No (GP cost is not in ROM; ItemProp price = 2 for all $1xx),YES,
X0012,Equipment - weapon,EQ-W01,Tempered Edge,Smith prerequisites,The Empty Forge minor quest done,"Master Design Bible v1.0 §12, §19",PREREQ_NARSHE_FORGE_QUEST,DERIVED,Map placeholder symbol to the arc flag (EXP_CYAN_DONE etc.) when the arc is built,No,,
X0013,Equipment - weapon,EQ-W01,Tempered Edge,Story arc binding,Minor quest The Empty Forge (Narshe),Content_Data v1.2 xlsx Quest_Arcs / Bosses / Master Design Bible v1.0,PREREQ_NARSHE_FORGE_QUEST,MATCH,—,No,,
X0014,Equipment - weapon,EQ-W01,Tempered Edge,Description,not locked,—,"Tempered Edge, Narshe forge / Raises Vigor and evade",DERIVED,Accept (or edit wording),"Yes - text, only if changed",,
X0015,Equipment - weapon,EQ-W01,Tempered Edge,Visual / ROM representation,concept art only; ROM keeps the existing icon family unless a UI expansion is approved,Content_Data v1.2 xlsx Equipment_Art_Prompts (LOCK-06),"vanilla Falchion ($15) weapon animation, icon, block graphic",MATCH,—,No,,
X0016,Equipment - weapon,EQ-W01,Tempered Edge,Balance guardrail,"BAL-07: routine arc weapons 184-222 Attack, never above Lightbringer-tier",Balance_Guardrails,Attack 188,MATCH,—,No,,
X0017,Equipment - weapon,EQ-W02,Imperial Saber,Name,Imperial Saber,Content_Data v1.2 xlsx Weapons,locked_name 'Imperial Saber',MATCH,—,No,,
X0018,Equipment - weapon,EQ-W02,Imperial Saber,In-game display name (12-char field),Imperial Saber,Content_Data v1.2 xlsx Weapons,'ImperialSabr',DERIVED,Accept the abbreviation (R21) or approve a UI name-field widening (engine work),"Yes - text, only if changed",Confirm,
X0019,Equipment - weapon,EQ-W02,Imperial Saber,Category / slot,Weapon,Content_Data v1.2 xlsx Weapons,weapon/sword (template Enhancer),MATCH,—,No,,
X0020,Equipment - weapon,EQ-W02,Imperial Saber,Equip mask (users),Celes,Content_Data v1.2 xlsx Weapons,Celes,MATCH,—,No,,
X0021,Equipment - weapon,EQ-W02,Imperial Saber,Attack (battle power),205,Content_Data v1.2 xlsx Weapons,205,MATCH,—,No,,
X0022,Equipment - weapon,EQ-W02,Imperial Saber,Stat bonuses (Vig/Spd/Sta/Mag/Eva/M.Eva),"Mag +3, M.Eva +20",Content_Data v1.2 xlsx Weapons,"Mag +3, M.Eva +20",MATCH,—,No,,
X0023,Equipment - weapon,EQ-W02,Imperial Saber,Element / status / special effect,none (stats only),Content_Data v1.2 xlsx Weapons,none,MATCH,—,No,,
X0024,Equipment - weapon,EQ-W02,Imperial Saber,Hit rate,not specified,Content_Data v1.2 xlsx Weapons,150 (family default (vanilla sword hit 150)),DERIVED,Accept family default,Yes - data only if changed,,
X0025,Equipment - weapon,EQ-W02,Imperial Saber,Weapon flags / spear (Jump x2),not specified,Content_Data v1.2 xlsx Weapons,"flags ['RUNIC', 'TWO_HAND', 'BUSHIDO']; spear=False",DERIVED,Accept family default,Yes - data only if changed,,
X0026,Equipment - weapon,EQ-W02,Imperial Saber,Acquisition / source,Vector Annex chest,Content_Data v1.2 xlsx Weapons; Master Design Bible v1.0 §15,event_chest: Vector Annex chest; conditions ['PREREQ_VECTOR_ANNEX']; symbol EV_CHEST_VECTOR_ANNEX_IMPERIAL_SABER,MATCH,Place as a one-time chest in Imperial Research Annex B2 during CONTENT v1.0,No (source metadata only; placing it later is CONTENT work),,Celes arc reward.
X0027,Equipment - weapon,EQ-W02,Imperial Saber,Story arc binding,ARC-1 Celes,Content_Data v1.2 xlsx Quest_Arcs / Bosses / Master Design Bible v1.0,PREREQ_VECTOR_ANNEX,MATCH,—,No,,
X0028,Equipment - weapon,EQ-W02,Imperial Saber,Description,not locked,—,Imperial Saber of Vector / Raises Mag pwr and MBlock,DERIVED,Accept (or edit wording),"Yes - text, only if changed",,
X0029,Equipment - weapon,EQ-W02,Imperial Saber,Visual / ROM representation,concept art only; ROM keeps the existing icon family unless a UI expansion is approved,Content_Data v1.2 xlsx Equipment_Art_Prompts (LOCK-06),"vanilla Enhancer ($13) weapon animation, icon, block graphic",MATCH,—,No,,
X0030,Equipment - weapon,EQ-W02,Imperial Saber,Balance guardrail,"BAL-07: routine arc weapons 184-222 Attack, never above Lightbringer-tier",Balance_Guardrails,Attack 205,MATCH,—,No,,
X0031,Equipment - weapon,EQ-W03,Leo's Blade,Name,Leo's Blade,Content_Data v1.2 xlsx Weapons,locked_name 'Leo's Blade',MATCH,—,No,,
X0032,Equipment - weapon,EQ-W03,Leo's Blade,In-game display name (12-char field),Leo's Blade,Content_Data v1.2 xlsx Weapons,'Leo's Blade',MATCH,—,No,,
X0033,Equipment - weapon,EQ-W03,Leo's Blade,Category / slot,Weapon,Content_Data v1.2 xlsx Weapons,weapon/sword (template Excalibur),MATCH,—,No,,
X0034,Equipment - weapon,EQ-W03,Leo's Blade,Equip mask (users),Terra/Celes/Edgar/Locke,Content_Data v1.2 xlsx Weapons,"Terra, Locke, Edgar, Celes",MATCH,—,No,,
X0035,Equipment - weapon,EQ-W03,Leo's Blade,Attack (battle power),218,Content_Data v1.2 xlsx Weapons,218,MATCH,—,No,,
X0036,Equipment - weapon,EQ-W03,Leo's Blade,Stat bonuses (Vig/Spd/Sta/Mag/Eva/M.Eva),"Vig +3, Sta +3",Content_Data v1.2 xlsx Weapons,"Vig +3, Sta +3",MATCH,—,No,,
X0037,Equipment - weapon,EQ-W03,Leo's Blade,Element / status / special effect,Holy element,Content_Data v1.2 xlsx Weapons,elem_attack HOLY (shown as 'Pearl' in FF3us text),MATCH,—,No,,
X0038,Equipment - weapon,EQ-W03,Leo's Blade,Hit rate,not specified,Content_Data v1.2 xlsx Weapons,150 (family default (vanilla sword hit 150)),DERIVED,Accept family default,Yes - data only if changed,,
X0039,Equipment - weapon,EQ-W03,Leo's Blade,Weapon flags / spear (Jump x2),not specified,Content_Data v1.2 xlsx Weapons,"flags ['RUNIC', 'TWO_HAND', 'BUSHIDO']; spear=False",DERIVED,Accept family default,Yes - data only if changed,,
X0040,Equipment - weapon,EQ-W03,Leo's Blade,Acquisition / source,rare Celes arc reward branch,Content_Data v1.2 xlsx Weapons; Master Design Bible v1.0 §15,quest_reward: Celes arc rare branch; conditions ['PREREQ_CELES_ARC_RARE_BRANCH']; symbol EV_REWARD_CELES_ARC_LEOS_BLADE,MATCH,Define the 'rare branch' condition before CONTENT v1.0 (no locked document defines it),No (source metadata only; placing it later is CONTENT work),YES - BLOCKING for Celes,"Bible §4 says the records choice has no gameplay penalty, so Leo's Blade cannot simply be tied to Preserve or Burn."
X0041,Equipment - weapon,EQ-W03,Leo's Blade,Story arc binding,ARC-1 Celes,Content_Data v1.2 xlsx Quest_Arcs / Bosses / Master Design Bible v1.0,PREREQ_CELES_ARC_RARE_BRANCH,MATCH,—,No,,
X0042,Equipment - weapon,EQ-W03,Leo's Blade,Description,not locked,—,General Leo's sword / Pearl-elemental,DERIVED,Accept (or edit wording),"Yes - text, only if changed",,
X0043,Equipment - weapon,EQ-W03,Leo's Blade,Visual / ROM representation,concept art only; ROM keeps the existing icon family unless a UI expansion is approved,Content_Data v1.2 xlsx Equipment_Art_Prompts (LOCK-06),"vanilla Excalibur ($18) weapon animation, icon, block graphic",MATCH,—,No,,
X0044,Equipment - weapon,EQ-W03,Leo's Blade,Balance guardrail,"BAL-07: routine arc weapons 184-222 Attack, never above Lightbringer-tier",Balance_Guardrails,Attack 218,MATCH,—,No,,
X0045,Equipment - weapon,EQ-W04,Raider Knife,Name,Raider Knife,Content_Data v1.2 xlsx Weapons,locked_name 'Raider Knife',MATCH,—,No,,
X0046,Equipment - weapon,EQ-W04,Raider Knife,In-game display name (12-char field),Raider Knife,Content_Data v1.2 xlsx Weapons,'Raider Knife',MATCH,—,No,,
X0047,Equipment - weapon,EQ-W04,Raider Knife,Category / slot,Weapon,Content_Data v1.2 xlsx Weapons,weapon/knife (template ThiefKnife),MATCH,—,No,,
X0048,Equipment - weapon,EQ-W04,Raider Knife,Equip mask (users),Locke,Content_Data v1.2 xlsx Weapons,Locke,MATCH,—,No,,
X0049,Equipment - weapon,EQ-W04,Raider Knife,Attack (battle power),198,Content_Data v1.2 xlsx Weapons,198,MATCH,—,No,,
X0050,Equipment - weapon,EQ-W04,Raider Knife,Stat bonuses (Vig/Spd/Sta/Mag/Eva/M.Eva),Spd +5,Content_Data v1.2 xlsx Weapons,Spd +5,MATCH,—,No,,
X0051,Equipment - weapon,EQ-W04,Raider Knife,Element / status / special effect,steal-on-hit property,Content_Data v1.2 xlsx Weapons,"weapon_special STEAL (vanilla ThiefKnife special; steals the monster's vanilla steal items only, R26)",MATCH,—,No,,
X0052,Equipment - weapon,EQ-W04,Raider Knife,Hit rate,not specified,Content_Data v1.2 xlsx Weapons,180 (family default (vanilla knife hit 180)),DERIVED,Accept family default,Yes - data only if changed,,
X0053,Equipment - weapon,EQ-W04,Raider Knife,Weapon flags / spear (Jump x2),not specified,Content_Data v1.2 xlsx Weapons,"flags ['RUNIC', 'TWO_HAND']; spear=False",DERIVED,Accept family default,Yes - data only if changed,,
X0054,Equipment - weapon,EQ-W04,Raider Knife,Acquisition / source,Reconstruction chain,Content_Data v1.2 xlsx Weapons,quest_reward: Reconstruction chain; conditions ['PREREQ_RECONSTRUCTION_CHAIN']; symbol EV_REWARD_RECONSTRUCTION_RAIDER_KNIFE,MATCH,Define which quests form the chain (later arc work),No (source metadata only; placing it later is CONTENT work),Later,Chain undefined in every source.
X0055,Equipment - weapon,EQ-W04,Raider Knife,Story arc binding,not locked,Content_Data v1.2 xlsx / Master Design Bible v1.0,PREREQ_RECONSTRUCTION_CHAIN,DERIVED,—,No,,
X0056,Equipment - weapon,EQ-W04,Raider Knife,Description,not locked,—,Steals while attacking / Raises Speed,DERIVED,Accept (or edit wording),"Yes - text, only if changed",,
X0057,Equipment - weapon,EQ-W04,Raider Knife,Visual / ROM representation,concept art only; ROM keeps the existing icon family unless a UI expansion is approved,Content_Data v1.2 xlsx Equipment_Art_Prompts (LOCK-06),"vanilla ThiefKnife ($04) weapon animation, icon, block graphic",MATCH,—,No,,
X0058,Equipment - weapon,EQ-W04,Raider Knife,Balance guardrail,"BAL-07: routine arc weapons 184-222 Attack, never above Lightbringer-tier",Balance_Guardrails,Attack 198,MATCH,—,No,,
X0059,Equipment - weapon,EQ-W05,Sandpiercer,Name,Sandpiercer,Content_Data v1.2 xlsx Weapons,locked_name 'Sandpiercer',MATCH,—,No,,
X0060,Equipment - weapon,EQ-W05,Sandpiercer,In-game display name (12-char field),Sandpiercer,Content_Data v1.2 xlsx Weapons,'Sandpiercer',MATCH,—,No,,
X0061,Equipment - weapon,EQ-W05,Sandpiercer,Category / slot,Weapon,Content_Data v1.2 xlsx Weapons,weapon/spear (template Partisan),MATCH,—,No,,
X0062,Equipment - weapon,EQ-W05,Sandpiercer,Equip mask (users),Edgar/Mog,Content_Data v1.2 xlsx Weapons,"Edgar, Mog",MATCH,—,No,,
X0063,Equipment - weapon,EQ-W05,Sandpiercer,Attack (battle power),210,Content_Data v1.2 xlsx Weapons,210,MATCH,—,No,,
X0064,Equipment - weapon,EQ-W05,Sandpiercer,Stat bonuses (Vig/Spd/Sta/Mag/Eva/M.Eva),Spd +2,Content_Data v1.2 xlsx Weapons,Spd +2,MATCH,—,No,,
X0065,Equipment - weapon,EQ-W05,Sandpiercer,Element / status / special effect,Wind element,Content_Data v1.2 xlsx Weapons,elem_attack WIND,MATCH,—,No,,
X0066,Equipment - weapon,EQ-W05,Sandpiercer,Hit rate,not specified,Content_Data v1.2 xlsx Weapons,150 (family default (vanilla spear hit 150)),DERIVED,Accept family default,Yes - data only if changed,,
X0067,Equipment - weapon,EQ-W05,Sandpiercer,Weapon flags / spear (Jump x2),not specified,Content_Data v1.2 xlsx Weapons,"flags ['RUNIC', 'TWO_HAND']; spear=True",DERIVED,Accept family default,Yes - data only if changed,,
X0068,Equipment - weapon,EQ-W05,Sandpiercer,Acquisition / source,Figaro Foundry,"Content_Data v1.2 xlsx Weapons; Master Design Bible v1.0 §8 (Foundry = new Figaro-arc map), §19 (Foundry shop lists Tools + limited Magitek Cell)",smith_purchase: Figaro Foundry; conditions ['PREREQ_FIGARO_FOUNDRY']; symbol EV_SMITH_FIGARO_SANDPIERCER,DERIVED,"Recommended: chest / event reward inside the Figaro Foundry map, dropping the 20,000 GP smith purchase; or keep the smith reading",No (source metadata only; placing it later is CONTENT work),YES,v0.8 read 'Foundry' as a smith. The Bible treats the Foundry as a dungeon map and its §19 shop entry does not list Sandpiercer (that list is not stated to be exhaustive).
X0069,Equipment - weapon,EQ-W05,Sandpiercer,Smith GP cost,"no GP value locked; the §19 Figaro Foundry shop entry lists Tools + limited Magitek Cell, not Sandpiercer",Master Design Bible v1.0 §19,20000 GP,DERIVED,Recommended: remove (Foundry chest instead),No (GP cost is not in ROM; ItemProp price = 2 for all $1xx),Confirm,
X0070,Equipment - weapon,EQ-W05,Sandpiercer,Smith prerequisites,Figaro arc / Foundry reached,"Master Design Bible v1.0 §12, §19",PREREQ_FIGARO_FOUNDRY,DERIVED,Map placeholder symbol to the arc flag (EXP_CYAN_DONE etc.) when the arc is built,No,,
X0071,Equipment - weapon,EQ-W05,Sandpiercer,Story arc binding,ARC-5 Figaro,Content_Data v1.2 xlsx Quest_Arcs / Bosses / Master Design Bible v1.0,PREREQ_FIGARO_FOUNDRY,MATCH,—,No,,
X0072,Equipment - weapon,EQ-W05,Sandpiercer,Description,not locked,—,Wind-elemental spear / Raises Speed,DERIVED,Accept (or edit wording),"Yes - text, only if changed",,
X0073,Equipment - weapon,EQ-W05,Sandpiercer,Visual / ROM representation,concept art only; ROM keeps the existing icon family unless a UI expansion is approved,Content_Data v1.2 xlsx Equipment_Art_Prompts (LOCK-06),"vanilla Partisan ($20) weapon animation, icon, block graphic",MATCH,—,No,,
X0074,Equipment - weapon,EQ-W05,Sandpiercer,Balance guardrail,"BAL-07: routine arc weapons 184-222 Attack, never above Lightbringer-tier",Balance_Guardrails,Attack 210,MATCH,—,No,,
X0075,Equipment - weapon,EQ-W06,Duncan Claw,Name,Duncan Claw,Content_Data v1.2 xlsx Weapons,locked_name 'Duncan Claw',MATCH,—,No,,
X0076,Equipment - weapon,EQ-W06,Duncan Claw,In-game display name (12-char field),Duncan Claw,Content_Data v1.2 xlsx Weapons,'Duncan Claw',MATCH,—,No,,
X0077,Equipment - weapon,EQ-W06,Duncan Claw,Category / slot,Weapon,Content_Data v1.2 xlsx Weapons,weapon/claw (template Tiger Fangs),MATCH,—,No,,
X0078,Equipment - weapon,EQ-W06,Duncan Claw,Equip mask (users),Sabin,Content_Data v1.2 xlsx Weapons,Sabin,MATCH,—,No,,
X0079,Equipment - weapon,EQ-W06,Duncan Claw,Attack (battle power),214,Content_Data v1.2 xlsx Weapons,214,MATCH,—,No,,
X0080,Equipment - weapon,EQ-W06,Duncan Claw,Stat bonuses (Vig/Spd/Sta/Mag/Eva/M.Eva),"Vig +5, Sta +3",Content_Data v1.2 xlsx Weapons,"Vig +5, Sta +3",MATCH,—,No,,
X0081,Equipment - weapon,EQ-W06,Duncan Claw,Element / status / special effect,none (stats only),Content_Data v1.2 xlsx Weapons,none,MATCH,—,No,,
X0082,Equipment - weapon,EQ-W06,Duncan Claw,Hit rate,not specified,Content_Data v1.2 xlsx Weapons,200 (family default (vanilla claw hit 200)),DERIVED,Accept family default,Yes - data only if changed,,
X0083,Equipment - weapon,EQ-W06,Duncan Claw,Weapon flags / spear (Jump x2),not specified,Content_Data v1.2 xlsx Weapons,flags []; spear=False,DERIVED,Accept family default,Yes - data only if changed,,
X0084,Equipment - weapon,EQ-W06,Duncan Claw,Acquisition / source,Master's Echo,Content_Data v1.2 xlsx Weapons; Master Design Bible v1.0 §8,quest_reward: Master's Echo; conditions ['PREREQ_MASTERS_ECHO']; symbol EV_REWARD_MASTERS_ECHO_DUNCAN_CLAW,MATCH,—,No (source metadata only; placing it later is CONTENT work),,Boss table lists Master's Echo reward as 'prestige/animation'; Weapons sheet gives Duncan Claw; both can coexist.
X0085,Equipment - weapon,EQ-W06,Duncan Claw,Story arc binding,ARC-5 Sabin trial,Content_Data v1.2 xlsx Quest_Arcs / Bosses / Master Design Bible v1.0,PREREQ_MASTERS_ECHO,MATCH,—,No,,
X0086,Equipment - weapon,EQ-W06,Duncan Claw,Description,not locked,—,Master Duncan's claw / Raises Vigor and Stamina,DERIVED,Accept (or edit wording),"Yes - text, only if changed",,
X0087,Equipment - weapon,EQ-W06,Duncan Claw,Visual / ROM representation,concept art only; ROM keeps the existing icon family unless a UI expansion is approved,Content_Data v1.2 xlsx Equipment_Art_Prompts (LOCK-06),"vanilla Tiger Fangs ($59) weapon animation, icon, block graphic",MATCH,—,No,,
X0088,Equipment - weapon,EQ-W06,Duncan Claw,Balance guardrail,"BAL-07: routine arc weapons 184-222 Attack, never above Lightbringer-tier",Balance_Guardrails,Attack 214,MATCH,—,No,,
X0089,Equipment - weapon,EQ-W07,Moonless,Name,Moonless,Content_Data v1.2 xlsx Weapons,locked_name 'Moonless',MATCH,—,No,,
X0090,Equipment - weapon,EQ-W07,Moonless,In-game display name (12-char field),Moonless,Content_Data v1.2 xlsx Weapons,'Moonless',MATCH,—,No,,
X0091,Equipment - weapon,EQ-W07,Moonless,Category / slot,Weapon,Content_Data v1.2 xlsx Weapons,weapon/ninja blade (template Hardened),MATCH,—,No,,
X0092,Equipment - weapon,EQ-W07,Moonless,Equip mask (users),Shadow,Content_Data v1.2 xlsx Weapons,Shadow,MATCH,—,No,,
X0093,Equipment - weapon,EQ-W07,Moonless,Attack (battle power),216,Content_Data v1.2 xlsx Weapons,216,MATCH,—,No,,
X0094,Equipment - weapon,EQ-W07,Moonless,Stat bonuses (Vig/Spd/Sta/Mag/Eva/M.Eva),"Spd +7, Eva +30",Content_Data v1.2 xlsx Weapons,"Spd +7, Eva +30",MATCH,—,No,,
X0095,Equipment - weapon,EQ-W07,Moonless,Element / status / special effect,none (stats only),Content_Data v1.2 xlsx Weapons,none,MATCH,—,No,,
X0096,Equipment - weapon,EQ-W07,Moonless,Hit rate,not specified,Content_Data v1.2 xlsx Weapons,180 (family default (vanilla ninja blade hit 180)),DERIVED,Accept family default,Yes - data only if changed,,
X0097,Equipment - weapon,EQ-W07,Moonless,Weapon flags / spear (Jump x2),not specified,Content_Data v1.2 xlsx Weapons,"flags ['RUNIC', 'TWO_HAND']; spear=False",DERIVED,Accept family default,Yes - data only if changed,,
X0098,Equipment - weapon,EQ-W07,Moonless,Acquisition / source,Bandit's Hollow,Content_Data v1.2 xlsx Weapons,event_chest: Bandit's Hollow; conditions ['PREREQ_BANDITS_HOLLOW']; symbol EV_CHEST_BANDITS_HOLLOW_MOONLESS,MATCH,—,No (source metadata only; placing it later is CONTENT work),,Chest type DERIVED.
X0099,Equipment - weapon,EQ-W07,Moonless,Story arc binding,ARC-4 Shadow/Relm,Content_Data v1.2 xlsx Quest_Arcs / Bosses / Master Design Bible v1.0,PREREQ_BANDITS_HOLLOW,MATCH,—,No,,
X0100,Equipment - weapon,EQ-W07,Moonless,Description,not locked,—,A blade for moonless nights / Raises Speed and evade,DERIVED,Accept (or edit wording),"Yes - text, only if changed",,
X0101,Equipment - weapon,EQ-W07,Moonless,Visual / ROM representation,concept art only; ROM keeps the existing icon family unless a UI expansion is approved,Content_Data v1.2 xlsx Equipment_Art_Prompts (LOCK-06),"vanilla Hardened ($28) weapon animation, icon, block graphic",MATCH,—,No,,
X0102,Equipment - weapon,EQ-W07,Moonless,Balance guardrail,"BAL-07: routine arc weapons 184-222 Attack, never above Lightbringer-tier",Balance_Guardrails,Attack 216,MATCH,—,No,,
X0103,Equipment - weapon,EQ-W08,Doma Edge,Name,Doma Edge,Content_Data v1.2 xlsx Weapons,locked_name 'Doma Edge',MATCH,—,No,,
X0104,Equipment - weapon,EQ-W08,Doma Edge,In-game display name (12-char field),Doma Edge,Content_Data v1.2 xlsx Weapons,'Doma Edge',MATCH,—,No,,
X0105,Equipment - weapon,EQ-W08,Doma Edge,Category / slot,Weapon,Content_Data v1.2 xlsx Weapons,weapon/katana (template Sky Render),MATCH,—,No,,
X0106,Equipment - weapon,EQ-W08,Doma Edge,Equip mask (users),Cyan,Content_Data v1.2 xlsx Weapons,Cyan,MATCH,—,No,,
X0107,Equipment - weapon,EQ-W08,Doma Edge,Attack (battle power),222,Content_Data v1.2 xlsx Weapons,222,MATCH,—,No,,
X0108,Equipment - weapon,EQ-W08,Doma Edge,Stat bonuses (Vig/Spd/Sta/Mag/Eva/M.Eva),"Vig +5, Sta +4",Content_Data v1.2 xlsx Weapons,"Vig +5, Sta +4",MATCH,—,No,,
X0109,Equipment - weapon,EQ-W08,Doma Edge,Element / status / special effect,none (stats only),Content_Data v1.2 xlsx Weapons,none,MATCH,—,No,,
X0110,Equipment - weapon,EQ-W08,Doma Edge,Hit rate,not specified,Content_Data v1.2 xlsx Weapons,150 (family default (vanilla katana hit 150)),DERIVED,Accept family default,Yes - data only if changed,,
X0111,Equipment - weapon,EQ-W08,Doma Edge,Weapon flags / spear (Jump x2),not specified,Content_Data v1.2 xlsx Weapons,"flags ['RUNIC', 'TWO_HAND', 'BUSHIDO']; spear=False",DERIVED,Accept family default,Yes - data only if changed,,
X0112,Equipment - weapon,EQ-W08,Doma Edge,Acquisition / source,Doma rebuilt smith; Bible §19: 'Doma Edge only after quest and at very high price if a second copy is allowed',Content_Data v1.2 xlsx Weapons; Master Design Bible v1.0 §19,smith_purchase: Doma rebuilt smith; conditions ['PREREQ_DOMA_SMITH_REBUILT']; symbol EV_SMITH_DOMA_DOMA_EDGE,DERIVED,Decide first-copy delivery and whether a second copy may be sold (BAL-16: no repeat farming),No (source metadata only; placing it later is CONTENT work),YES,
X0113,Equipment - weapon,EQ-W08,Doma Edge,Smith GP cost,"'very high price' only for a SECOND copy, if allowed; no value",Master Design Bible v1.0 §19,24000 GP,DERIVED,Confirm or set price within the gil-sink target,No (GP cost is not in ROM; ItemProp price = 2 for all $1xx),YES,
X0114,Equipment - weapon,EQ-W08,Doma Edge,Smith prerequisites,Cyan arc done ('only after quest'),"Master Design Bible v1.0 §12, §19",PREREQ_DOMA_SMITH_REBUILT,DERIVED,Map placeholder symbol to the arc flag (EXP_CYAN_DONE etc.) when the arc is built,No,,
X0115,Equipment - weapon,EQ-W08,Doma Edge,Story arc binding,ARC-3 Cyan (Doma),Content_Data v1.2 xlsx Quest_Arcs / Bosses / Master Design Bible v1.0,PREREQ_DOMA_SMITH_REBUILT,MATCH,—,No,,
X0116,Equipment - weapon,EQ-W08,Doma Edge,Description,not locked,—,Katana of rebuilt Doma / Raises Vigor and Stamina,DERIVED,Accept (or edit wording),"Yes - text, only if changed",,
X0117,Equipment - weapon,EQ-W08,Doma Edge,Visual / ROM representation,concept art only; ROM keeps the existing icon family unless a UI expansion is approved,Content_Data v1.2 xlsx Equipment_Art_Prompts (LOCK-06),"vanilla Sky Render ($32) weapon animation, icon, block graphic",MATCH,—,No,,
X0118,Equipment - weapon,EQ-W08,Doma Edge,Balance guardrail,"BAL-07: routine arc weapons 184-222 Attack, never above Lightbringer-tier",Balance_Guardrails,Attack 222,MATCH,—,No,,
X0119,Equipment - weapon,EQ-W09,Darill's Dirk,Name,Darill's Dirk,Content_Data v1.2 xlsx Weapons,locked_name 'Darill's Dirk',MATCH,—,No,,
X0120,Equipment - weapon,EQ-W09,Darill's Dirk,In-game display name (12-char field),Darill's Dirk,Content_Data v1.2 xlsx Weapons,'Darill'sDirk',DERIVED,Accept the abbreviation (R21) or approve a UI name-field widening (engine work),"Yes - text, only if changed",Confirm,
X0121,Equipment - weapon,EQ-W09,Darill's Dirk,Category / slot,Weapon,Content_Data v1.2 xlsx Weapons,weapon/knife (template Graedus),MATCH,—,No,,
X0122,Equipment - weapon,EQ-W09,Darill's Dirk,Equip mask (users),Setzer/Locke,Content_Data v1.2 xlsx Weapons,"Locke, Setzer",MATCH,—,No,,
X0123,Equipment - weapon,EQ-W09,Darill's Dirk,Attack (battle power),202,Content_Data v1.2 xlsx Weapons,202,MATCH,—,No,,
X0124,Equipment - weapon,EQ-W09,Darill's Dirk,Stat bonuses (Vig/Spd/Sta/Mag/Eva/M.Eva),"Spd +4, Eva +20",Content_Data v1.2 xlsx Weapons,"Spd +4, Eva +20",MATCH,—,No,,
X0125,Equipment - weapon,EQ-W09,Darill's Dirk,Element / status / special effect,none (stats only),Content_Data v1.2 xlsx Weapons,none,MATCH,—,No,,
X0126,Equipment - weapon,EQ-W09,Darill's Dirk,Hit rate,not specified,Content_Data v1.2 xlsx Weapons,180 (family default (vanilla knife hit 180)),DERIVED,Accept family default,Yes - data only if changed,,
X0127,Equipment - weapon,EQ-W09,Darill's Dirk,Weapon flags / spear (Jump x2),not specified,Content_Data v1.2 xlsx Weapons,"flags ['RUNIC', 'TWO_HAND']; spear=False",DERIVED,Accept family default,Yes - data only if changed,,
X0128,Equipment - weapon,EQ-W09,Darill's Dirk,Acquisition / source,Sky Graveyard,Content_Data v1.2 xlsx Weapons,event_chest: Sky Graveyard; conditions ['PREREQ_SKY_GRAVEYARD']; symbol EV_CHEST_SKY_GRAVEYARD_DARILLS_DIRK,MATCH,—,No (source metadata only; placing it later is CONTENT work),,
X0129,Equipment - weapon,EQ-W09,Darill's Dirk,Story arc binding,ARC-6 Setzer,Content_Data v1.2 xlsx Quest_Arcs / Bosses / Master Design Bible v1.0,PREREQ_SKY_GRAVEYARD,MATCH,—,No,,
X0130,Equipment - weapon,EQ-W09,Darill's Dirk,Description,not locked,—,"Darill's Dirk, sky-forged / Raises Speed and evade",DERIVED,Accept (or edit wording),"Yes - text, only if changed",,
X0131,Equipment - weapon,EQ-W09,Darill's Dirk,Visual / ROM representation,concept art only; ROM keeps the existing icon family unless a UI expansion is approved,Content_Data v1.2 xlsx Equipment_Art_Prompts (LOCK-06),"vanilla Graedus ($08) weapon animation, icon, block graphic",MATCH,—,No,,
X0132,Equipment - weapon,EQ-W09,Darill's Dirk,Balance guardrail,"BAL-07: routine arc weapons 184-222 Attack, never above Lightbringer-tier",Balance_Guardrails,Attack 202,MATCH,—,No,,
X0133,Equipment - weapon,EQ-W10,Magister Rod,Name,Magister Rod,Content_Data v1.2 xlsx Weapons,locked_name 'Magister Rod',MATCH,—,No,,
X0134,Equipment - weapon,EQ-W10,Magister Rod,In-game display name (12-char field),Magister Rod,Content_Data v1.2 xlsx Weapons,'Magister Rod',MATCH,—,No,,
X0135,Equipment - weapon,EQ-W10,Magister Rod,Category / slot,Weapon,Content_Data v1.2 xlsx Weapons,weapon/rod (template Magus Rod),MATCH,—,No,,
X0136,Equipment - weapon,EQ-W10,Magister Rod,Equip mask (users),Strago/Relm,Content_Data v1.2 xlsx Weapons,"Strago, Relm",MATCH,—,No,,
X0137,Equipment - weapon,EQ-W10,Magister Rod,Attack (battle power),190,Content_Data v1.2 xlsx Weapons,190,MATCH,—,No,,
X0138,Equipment - weapon,EQ-W10,Magister Rod,Stat bonuses (Vig/Spd/Sta/Mag/Eva/M.Eva),"Mag +7, M.Eva +20",Content_Data v1.2 xlsx Weapons,"Mag +7, M.Eva +20",MATCH,—,No,,
X0139,Equipment - weapon,EQ-W10,Magister Rod,Element / status / special effect,none (stats only),Content_Data v1.2 xlsx Weapons,none,MATCH,—,No,,
X0140,Equipment - weapon,EQ-W10,Magister Rod,Hit rate,not specified,Content_Data v1.2 xlsx Weapons,135 (family default (vanilla rod hit 135)),DERIVED,Accept family default,Yes - data only if changed,,
X0141,Equipment - weapon,EQ-W10,Magister Rod,Weapon flags / spear (Jump x2),not specified,Content_Data v1.2 xlsx Weapons,flags ['TWO_HAND']; spear=False,DERIVED,Accept family default,Yes - data only if changed,,
X0142,Equipment - weapon,EQ-W10,Magister Rod,Acquisition / source,Forgotten Age,Content_Data v1.2 xlsx Weapons,event_chest: Forgotten Age; conditions ['PREREQ_FORGOTTEN_AGE']; symbol EV_CHEST_FORGOTTEN_AGE_MAGISTER_ROD,MATCH,Pick the dungeon (Concord / Cinders / Silent Three) during arc work,No (source metadata only; placing it later is CONTENT work),Later,
X0143,Equipment - weapon,EQ-W10,Magister Rod,Story arc binding,ARC-7 Forgotten Age,Content_Data v1.2 xlsx Quest_Arcs / Bosses / Master Design Bible v1.0,PREREQ_FORGOTTEN_AGE,MATCH,—,No,,
X0144,Equipment - weapon,EQ-W10,Magister Rod,Description,not locked,—,Rod of the First Magi / Raises Mag pwr and MBlock,DERIVED,"Use neutral text, e.g. 'Ancient crystal rod'",Yes - text (FA description),Confirm,description 'Rod of the First Magi' ties the rod to Vael; no locked source says this (locked visual: 'ancient staff/rod ... three-prong crystal cradle')
X0145,Equipment - weapon,EQ-W10,Magister Rod,Visual / ROM representation,concept art only; ROM keeps the existing icon family unless a UI expansion is approved,Content_Data v1.2 xlsx Equipment_Art_Prompts (LOCK-06),"vanilla Magus Rod ($3C) weapon animation, icon, block graphic",MATCH,—,No,,
X0146,Equipment - weapon,EQ-W10,Magister Rod,Balance guardrail,"BAL-07: routine arc weapons 184-222 Attack, never above Lightbringer-tier",Balance_Guardrails,Attack 190,MATCH,—,No,,
X0147,Equipment - weapon,EQ-W11,Concord Brush,Name,Concord Brush,Content_Data v1.2 xlsx Weapons,locked_name 'Concord Brush',MATCH,—,No,,
X0148,Equipment - weapon,EQ-W11,Concord Brush,In-game display name (12-char field),Concord Brush,Content_Data v1.2 xlsx Weapons,'ConcordBrush',DERIVED,Accept the abbreviation (R21) or approve a UI name-field widening (engine work),"Yes - text, only if changed",Confirm,
X0149,Equipment - weapon,EQ-W11,Concord Brush,Category / slot,Weapon,Content_Data v1.2 xlsx Weapons,weapon/brush (template Rainbow Brsh),MATCH,—,No,,
X0150,Equipment - weapon,EQ-W11,Concord Brush,Equip mask (users),Relm,Content_Data v1.2 xlsx Weapons,Relm,MATCH,—,No,,
X0151,Equipment - weapon,EQ-W11,Concord Brush,Attack (battle power),184,Content_Data v1.2 xlsx Weapons,184,MATCH,—,No,,
X0152,Equipment - weapon,EQ-W11,Concord Brush,Stat bonuses (Vig/Spd/Sta/Mag/Eva/M.Eva),"Mag +7, Spd +3",Content_Data v1.2 xlsx Weapons,"Spd +3, Mag +7",MATCH,—,No,,
X0153,Equipment - weapon,EQ-W11,Concord Brush,Element / status / special effect,none (stats only),Content_Data v1.2 xlsx Weapons,none,MATCH,—,No,,
X0154,Equipment - weapon,EQ-W11,Concord Brush,Hit rate,not specified,Content_Data v1.2 xlsx Weapons,135 (family default (vanilla brush hit 135)),DERIVED,Accept family default,Yes - data only if changed,,
X0155,Equipment - weapon,EQ-W11,Concord Brush,Weapon flags / spear (Jump x2),not specified,Content_Data v1.2 xlsx Weapons,flags ['TWO_HAND']; spear=False,DERIVED,Accept family default,Yes - data only if changed,,
X0156,Equipment - weapon,EQ-W11,Concord Brush,Acquisition / source,Sanctuary of Concord,Content_Data v1.2 xlsx Weapons,event_chest: Sanctuary of Concord; conditions ['PREREQ_SANCTUARY_OF_CONCORD']; symbol EV_CHEST_SANCTUARY_CONCORD_BRUSH,MATCH,—,No (source metadata only; placing it later is CONTENT work),,
X0157,Equipment - weapon,EQ-W11,Concord Brush,Story arc binding,ARC-7A Sanctuary,Content_Data v1.2 xlsx Quest_Arcs / Bosses / Master Design Bible v1.0,PREREQ_SANCTUARY_OF_CONCORD,MATCH,—,No,,
X0158,Equipment - weapon,EQ-W11,Concord Brush,Description,not locked,—,Concord Brush / Raises Mag pwr and Speed,DERIVED,Accept (or edit wording),"Yes - text, only if changed",,
X0159,Equipment - weapon,EQ-W11,Concord Brush,Visual / ROM representation,concept art only; ROM keeps the existing icon family unless a UI expansion is approved,Content_Data v1.2 xlsx Equipment_Art_Prompts (LOCK-06),"vanilla Rainbow Brsh ($40) weapon animation, icon, block graphic",MATCH,—,No,,
X0160,Equipment - weapon,EQ-W11,Concord Brush,Balance guardrail,"BAL-07: routine arc weapons 184-222 Attack, never above Lightbringer-tier",Balance_Guardrails,Attack 184,MATCH,—,No,,
X0161,Equipment - weapon,EQ-W12,Gale Lance,Name,Gale Lance,Content_Data v1.2 xlsx Weapons,locked_name 'Gale Lance',MATCH,—,No,,
X0162,Equipment - weapon,EQ-W12,Gale Lance,In-game display name (12-char field),Gale Lance,Content_Data v1.2 xlsx Weapons,'Gale Lance',MATCH,—,No,,
X0163,Equipment - weapon,EQ-W12,Gale Lance,Category / slot,Weapon,Content_Data v1.2 xlsx Weapons,weapon/spear (template Aura Lance),MATCH,—,No,,
X0164,Equipment - weapon,EQ-W12,Gale Lance,Equip mask (users),Mog/Edgar,Content_Data v1.2 xlsx Weapons,"Edgar, Mog",MATCH,—,No,,
X0165,Equipment - weapon,EQ-W12,Gale Lance,Attack (battle power),218,Content_Data v1.2 xlsx Weapons,218,MATCH,—,No,,
X0166,Equipment - weapon,EQ-W12,Gale Lance,Stat bonuses (Vig/Spd/Sta/Mag/Eva/M.Eva),Spd +4,Content_Data v1.2 xlsx Weapons,Spd +4,MATCH,—,No,,
X0167,Equipment - weapon,EQ-W12,Gale Lance,Element / status / special effect,Wind element,Content_Data v1.2 xlsx Weapons,elem_attack WIND,MATCH,—,No,,
X0168,Equipment - weapon,EQ-W12,Gale Lance,Hit rate,not specified,Content_Data v1.2 xlsx Weapons,150 (family default (vanilla spear hit 150)),DERIVED,Accept family default,Yes - data only if changed,,
X0169,Equipment - weapon,EQ-W12,Gale Lance,Weapon flags / spear (Jump x2),not specified,Content_Data v1.2 xlsx Weapons,"flags ['RUNIC', 'TWO_HAND']; spear=True",DERIVED,Accept family default,Yes - data only if changed,,
X0170,Equipment - weapon,EQ-W12,Gale Lance,Acquisition / source,beacon quest,Content_Data v1.2 xlsx Weapons; Master Design Bible v1.0 §15,quest_reward: Beacon quest; conditions ['PREREQ_BEACON_QUEST']; symbol EV_REWARD_BEACON_GALE_LANCE,MATCH,Clarify which beacon: Setzer 'Race Beacon Tower' or minor quest 'Light on the Coast' (which already gives Gale Pin),No (source metadata only; placing it later is CONTENT work),Later,Ambiguous.
X0171,Equipment - weapon,EQ-W12,Gale Lance,Story arc binding,not locked,Content_Data v1.2 xlsx / Master Design Bible v1.0,PREREQ_BEACON_QUEST,DERIVED,—,No,,
X0172,Equipment - weapon,EQ-W12,Gale Lance,Description,not locked,—,Wind-elemental lance / Raises Speed,DERIVED,Accept (or edit wording),"Yes - text, only if changed",,
X0173,Equipment - weapon,EQ-W12,Gale Lance,Visual / ROM representation,concept art only; ROM keeps the existing icon family unless a UI expansion is approved,Content_Data v1.2 xlsx Equipment_Art_Prompts (LOCK-06),"vanilla Aura Lance ($23) weapon animation, icon, block graphic",MATCH,—,No,,
X0174,Equipment - weapon,EQ-W12,Gale Lance,Balance guardrail,"BAL-07: routine arc weapons 184-222 Attack, never above Lightbringer-tier",Balance_Guardrails,Attack 218,MATCH,—,No,,
X0175,Equipment - weapon,EQ-W13,Echo Dagger,Name,Echo Dagger,Content_Data v1.2 xlsx Weapons,locked_name 'Echo Dagger',MATCH,—,No,,
X0176,Equipment - weapon,EQ-W13,Echo Dagger,In-game display name (12-char field),Echo Dagger,Content_Data v1.2 xlsx Weapons,'Echo Dagger',MATCH,—,No,,
X0177,Equipment - weapon,EQ-W13,Echo Dagger,Category / slot,Weapon,Content_Data v1.2 xlsx Weapons,weapon/knife (template Man Eater),MATCH,—,No,,
X0178,Equipment - weapon,EQ-W13,Echo Dagger,Equip mask (users),Gogo,Content_Data v1.2 xlsx Weapons,Gogo,MATCH,—,No,,
X0179,Equipment - weapon,EQ-W13,Echo Dagger,Attack (battle power),200,Content_Data v1.2 xlsx Weapons,200,MATCH,—,No,,
X0180,Equipment - weapon,EQ-W13,Echo Dagger,Stat bonuses (Vig/Spd/Sta/Mag/Eva/M.Eva),"Vig +3, Mag +3, Spd +3",Content_Data v1.2 xlsx Weapons,"Vig +3, Spd +3, Mag +3",MATCH,—,No,,
X0181,Equipment - weapon,EQ-W13,Echo Dagger,Element / status / special effect,none (stats only),Content_Data v1.2 xlsx Weapons,none,MATCH,—,No,,
X0182,Equipment - weapon,EQ-W13,Echo Dagger,Hit rate,not specified,Content_Data v1.2 xlsx Weapons,180 (family default (vanilla knife hit 180)),DERIVED,Accept family default,Yes - data only if changed,,
X0183,Equipment - weapon,EQ-W13,Echo Dagger,Weapon flags / spear (Jump x2),not specified,Content_Data v1.2 xlsx Weapons,"flags ['RUNIC', 'TWO_HAND']; spear=False",DERIVED,Accept family default,Yes - data only if changed,,
X0184,Equipment - weapon,EQ-W13,Echo Dagger,Acquisition / source,Cradle of Silence,Content_Data v1.2 xlsx Weapons,event_chest: Cradle of Silence; conditions ['PREREQ_CRADLE_OF_SILENCE']; symbol EV_CHEST_CRADLE_OF_SILENCE_ECHO_DAGGER,MATCH,—,No (source metadata only; placing it later is CONTENT work),,
X0185,Equipment - weapon,EQ-W13,Echo Dagger,Story arc binding,ARC-8 First Magi,Content_Data v1.2 xlsx Quest_Arcs / Bosses / Master Design Bible v1.0,PREREQ_CRADLE_OF_SILENCE,MATCH,—,No,,
X0186,Equipment - weapon,EQ-W13,Echo Dagger,Description,not locked,—,"Dagger that echoes skills / Vigor, Mag pwr, Speed up",DERIVED,Accept (or edit wording),"Yes - text, only if changed",,
X0187,Equipment - weapon,EQ-W13,Echo Dagger,Visual / ROM representation,concept art only; ROM keeps the existing icon family unless a UI expansion is approved,Content_Data v1.2 xlsx Equipment_Art_Prompts (LOCK-06),"vanilla Man Eater ($06) weapon animation, icon, block graphic",MATCH,—,No,,
X0188,Equipment - weapon,EQ-W13,Echo Dagger,Balance guardrail,"BAL-07: routine arc weapons 184-222 Attack, never above Lightbringer-tier",Balance_Guardrails,Attack 200,MATCH,—,No,,
X0189,Equipment - body,EQ-A01,Royal Gear,Name,Royal Gear,Content_Data v1.2 xlsx Armor,locked_name 'Royal Gear',MATCH,—,No,,
X0190,Equipment - body,EQ-A01,Royal Gear,In-game display name (12-char field),Royal Gear,Content_Data v1.2 xlsx Armor,'Royal Gear',MATCH,—,No,,
X0191,Equipment - body,EQ-A01,Royal Gear,Category / slot,Body,Content_Data v1.2 xlsx Armor,armor/body (template Genji Armor),MATCH,—,No,,
X0192,Equipment - body,EQ-A01,Royal Gear,Equip mask (users),Edgar/Sabin,Content_Data v1.2 xlsx Armor,"Edgar, Sabin",MATCH,—,No,,
X0193,Equipment - body,EQ-A01,Royal Gear,Defense,84,Content_Data v1.2 xlsx Armor,84,MATCH,—,No,,
X0194,Equipment - body,EQ-A01,Royal Gear,Magic Defense,60,Content_Data v1.2 xlsx Armor,60,MATCH,—,No,,
X0195,Equipment - body,EQ-A01,Royal Gear,Stat bonuses (Vig/Spd/Sta/Mag/Eva/M.Eva),"Vig +4, Spd +2, Sta +3",Content_Data v1.2 xlsx Armor,"Vig +4, Spd +2, Sta +3",MATCH,—,No,,
X0196,Equipment - body,EQ-A01,Royal Gear,Element / status / special effect,Fire null,Content_Data v1.2 xlsx Armor,elem_null FIRE,MATCH,—,No,,
X0197,Equipment - body,EQ-A01,Royal Gear,Acquisition / source,Brass Colossus boss reward (Figaro arc),"Master Design Bible v1.0 §8, §14; Content_Data v1.2 xlsx Quest_Arcs, Bosses",boss_reward: Brass Colossus (Figaro arc); conditions ['PREREQ_FIGARO_ARC']; symbol EV_BOSS_BRASS_COLOSSUS_ROYAL_GEAR,MATCH,—,No (source metadata only; placing it later is CONTENT work),,
X0198,Equipment - body,EQ-A01,Royal Gear,Story arc binding,ARC-5 Figaro,Content_Data v1.2 xlsx Quest_Arcs / Bosses / Master Design Bible v1.0,PREREQ_FIGARO_ARC,MATCH,—,No,,
X0199,Equipment - body,EQ-A01,Royal Gear,Description,not locked,—,"Royal armor of Figaro / Nulls fire, Vigor up",DERIVED,Accept (or edit wording),"Yes - text, only if changed",,
X0200,Equipment - body,EQ-A01,Royal Gear,Visual / ROM representation,concept art only; ROM keeps the existing icon family unless a UI expansion is approved,Content_Data v1.2 xlsx Equipment_Art_Prompts (LOCK-06),vanilla Genji Armor ($9A) icon / block graphic,MATCH,—,No,,
X0201,Equipment - body,EQ-A01,Royal Gear,Balance guardrail,"BAL-08: body Def 70-92, MDef 52-82, tradeoffs mandatory",Balance_Guardrails,Def 84 / MDef 60,MATCH,—,No,,See EQUIPMENT_BALANCE_AUDIT_v0.8 (R31) for sidegrade notes
X0202,Equipment - body,EQ-A02,Imperial Mantle,Name,Imperial Mantle,Content_Data v1.2 xlsx Armor,locked_name 'Imperial Mantle',MATCH,—,No,,
X0203,Equipment - body,EQ-A02,Imperial Mantle,In-game display name (12-char field),Imperial Mantle,Content_Data v1.2 xlsx Armor,'ImperialMntl',DERIVED,Accept the abbreviation (R21) or approve a UI name-field widening (engine work),"Yes - text, only if changed",Confirm,
X0204,Equipment - body,EQ-A02,Imperial Mantle,Category / slot,Body,Content_Data v1.2 xlsx Armor,armor/body (template Light Robe),MATCH,—,No,,
X0205,Equipment - body,EQ-A02,Imperial Mantle,Equip mask (users),Celes/Terra,Content_Data v1.2 xlsx Armor,"Terra, Celes",MATCH,—,No,,
X0206,Equipment - body,EQ-A02,Imperial Mantle,Defense,78,Content_Data v1.2 xlsx Armor,78,MATCH,—,No,,
X0207,Equipment - body,EQ-A02,Imperial Mantle,Magic Defense,72,Content_Data v1.2 xlsx Armor,72,MATCH,—,No,,
X0208,Equipment - body,EQ-A02,Imperial Mantle,Stat bonuses (Vig/Spd/Sta/Mag/Eva/M.Eva),"Mag +4, M.Eva +20",Content_Data v1.2 xlsx Armor,"Mag +4, M.Eva +20",MATCH,—,No,,
X0209,Equipment - body,EQ-A02,Imperial Mantle,Element / status / special effect,none,Content_Data v1.2 xlsx Armor,none,MATCH,—,No,,
X0210,Equipment - body,EQ-A02,Imperial Mantle,Acquisition / source,NOT SPECIFIED (Armor sheet has no Source column; not named in Bible/Script/Narrative),Content_Data v1.2 xlsx Armor; Master Design Bible v1.0 §16,arc_reward_tbd: arc design (Armor sheet: not specified); conditions ['PREREQ_TBD_ARC_DESIGN']; symbol EV_ARC_REWARD_IMPERIAL_MANTLE,DERIVED,"Keep 'arc_reward_tbd' until a versioned design change assigns a source (candidate: Celes arc, see CELES_PRODUCTION_SPEC §9)",No,YES (creative),
X0211,Equipment - body,EQ-A02,Imperial Mantle,Story arc binding,not locked,Content_Data v1.2 xlsx / Master Design Bible v1.0,PREREQ_TBD_ARC_DESIGN,DERIVED,—,No,,
X0212,Equipment - body,EQ-A02,Imperial Mantle,Description,not locked,—,Imperial Mantle / Raises Mag pwr and MBlock,DERIVED,Accept (or edit wording),"Yes - text, only if changed",,
X0213,Equipment - body,EQ-A02,Imperial Mantle,Visual / ROM representation,concept art only; ROM keeps the existing icon family unless a UI expansion is approved,Content_Data v1.2 xlsx Equipment_Art_Prompts (LOCK-06),vanilla Light Robe ($91) icon / block graphic,MATCH,—,No,,
X0214,Equipment - body,EQ-A02,Imperial Mantle,Balance guardrail,"BAL-08: body Def 70-92, MDef 52-82, tradeoffs mandatory",Balance_Guardrails,Def 78 / MDef 72,MATCH,—,No,,See EQUIPMENT_BALANCE_AUDIT_v0.8 (R31) for sidegrade notes
X0215,Equipment - body,EQ-A03,Magister Robe,Name,Magister Robe,Content_Data v1.2 xlsx Armor,locked_name 'Magister Robe',MATCH,—,No,,
X0216,Equipment - body,EQ-A03,Magister Robe,In-game display name (12-char field),Magister Robe,Content_Data v1.2 xlsx Armor,'MagisterRobe',DERIVED,Accept the abbreviation (R21) or approve a UI name-field widening (engine work),"Yes - text, only if changed",Confirm,
X0217,Equipment - body,EQ-A03,Magister Robe,Category / slot,Body,Content_Data v1.2 xlsx Armor,armor/body (template Tao Robe),MATCH,—,No,,
X0218,Equipment - body,EQ-A03,Magister Robe,Equip mask (users),Terra/Celes/Relm/Strago/Gogo,Content_Data v1.2 xlsx Armor,"Terra, Celes, Strago, Relm, Gogo",MATCH,—,No,,
X0219,Equipment - body,EQ-A03,Magister Robe,Defense,70,Content_Data v1.2 xlsx Armor,70,MATCH,—,No,,
X0220,Equipment - body,EQ-A03,Magister Robe,Magic Defense,82,Content_Data v1.2 xlsx Armor,82,MATCH,—,No,,
X0221,Equipment - body,EQ-A03,Magister Robe,Stat bonuses (Vig/Spd/Sta/Mag/Eva/M.Eva),Mag +6,Content_Data v1.2 xlsx Armor,Mag +6,MATCH,—,No,,
X0222,Equipment - body,EQ-A03,Magister Robe,Element / status / special effect,'MP-oriented' sidegrade (no number given),Content_Data v1.2 xlsx Armor; Master Design Bible v1.0 §16,relic bit MP +12.5% (vanilla 1/8 bit),DERIVED,Confirm MP +12.5% as the reading of 'MP-oriented' (or choose MP +25% / none),Yes - data (ItemProp) only if changed,Confirm,
X0223,Equipment - body,EQ-A03,Magister Robe,Acquisition / source,Archive Guardian boss reward; Bosses sheet arc = Forgotten Age (Bible §14 says 'Magi'),Content_Data v1.2 xlsx Bosses; Master Design Bible v1.0 §14,boss_reward: Archive Guardian (First Magi); conditions ['PREREQ_FIRST_MAGI_ARC']; symbol EV_BOSS_ARCHIVE_GUARDIAN_MAGISTER_ROBE,MISMATCH,Re-bind to the Forgotten Age (condition PREREQ_FORGOTTEN_AGE) instead of First Magi,No (source metadata only; placing it later is CONTENT work),Confirm,Archive Guardian appears in no dungeon text; its arc must be confirmed during Forgotten Age work.
X0224,Equipment - body,EQ-A03,Magister Robe,Story arc binding,ARC-7 Forgotten Age (Bosses sheet),Content_Data v1.2 xlsx Quest_Arcs / Bosses / Master Design Bible v1.0,PREREQ_FIRST_MAGI_ARC,MISMATCH,Re-bind to Forgotten Age,No,,
X0225,Equipment - body,EQ-A03,Magister Robe,Description,not locked,—,"Magister Robe / Mag pwr up, MP up by 1/8",DERIVED,Accept (or edit wording),"Yes - text, only if changed",,
X0226,Equipment - body,EQ-A03,Magister Robe,Visual / ROM representation,concept art only; ROM keeps the existing icon family unless a UI expansion is approved,Content_Data v1.2 xlsx Equipment_Art_Prompts (LOCK-06),vanilla Tao Robe ($97) icon / block graphic,MATCH,—,No,,
X0227,Equipment - body,EQ-A03,Magister Robe,Balance guardrail,"BAL-08: body Def 70-92, MDef 52-82, tradeoffs mandatory",Balance_Guardrails,Def 70 / MDef 82,MATCH,—,No,,See EQUIPMENT_BALANCE_AUDIT_v0.8 (R31) for sidegrade notes
X0228,Equipment - body,EQ-A04,Ashen Mail,Name,Ashen Mail,Content_Data v1.2 xlsx Armor,locked_name 'Ashen Mail',MATCH,—,No,,
X0229,Equipment - body,EQ-A04,Ashen Mail,In-game display name (12-char field),Ashen Mail,Content_Data v1.2 xlsx Armor,'Ashen Mail',MATCH,—,No,,
X0230,Equipment - body,EQ-A04,Ashen Mail,Category / slot,Body,Content_Data v1.2 xlsx Armor,armor/body (template Crystal Mail),MATCH,—,No,,
X0231,Equipment - body,EQ-A04,Ashen Mail,Equip mask (users),Edgar/Cyan/Setzer,Content_Data v1.2 xlsx Armor,"Cyan, Edgar, Setzer",MATCH,—,No,,
X0232,Equipment - body,EQ-A04,Ashen Mail,Defense,88,Content_Data v1.2 xlsx Armor,88,MATCH,—,No,,
X0233,Equipment - body,EQ-A04,Ashen Mail,Magic Defense,52,Content_Data v1.2 xlsx Armor,52,MATCH,—,No,,
X0234,Equipment - body,EQ-A04,Ashen Mail,Stat bonuses (Vig/Spd/Sta/Mag/Eva/M.Eva),none,Content_Data v1.2 xlsx Armor,none,MATCH,—,No,,
X0235,Equipment - body,EQ-A04,Ashen Mail,Element / status / special effect,Fire absorb; Ice weak,Content_Data v1.2 xlsx Armor,"elem_absorb FIRE, elem_weak ICE",MATCH,—,No,,
X0236,Equipment - body,EQ-A04,Ashen Mail,Acquisition / source,NOT SPECIFIED (Armor sheet has no Source column; not named in Bible/Script/Narrative),Content_Data v1.2 xlsx Armor; Master Design Bible v1.0 §16,arc_reward_tbd: arc design (Armor sheet: not specified); conditions ['PREREQ_TBD_ARC_DESIGN']; symbol EV_ARC_REWARD_ASHEN_MAIL,DERIVED,Keep 'arc_reward_tbd' until a versioned design change assigns a source,No,Later,
X0237,Equipment - body,EQ-A04,Ashen Mail,Story arc binding,not locked,Content_Data v1.2 xlsx / Master Design Bible v1.0,PREREQ_TBD_ARC_DESIGN,DERIVED,—,No,,
X0238,Equipment - body,EQ-A04,Ashen Mail,Description,not locked,—,"Mail forged in ash / Absorbs fire, weak to ice",DERIVED,Accept (or edit wording),"Yes - text, only if changed",,
X0239,Equipment - body,EQ-A04,Ashen Mail,Visual / ROM representation,concept art only; ROM keeps the existing icon family unless a UI expansion is approved,Content_Data v1.2 xlsx Equipment_Art_Prompts (LOCK-06),vanilla Crystal Mail ($98) icon / block graphic,MATCH,—,No,,
X0240,Equipment - body,EQ-A04,Ashen Mail,Balance guardrail,"BAL-08: body Def 70-92, MDef 52-82, tradeoffs mandatory",Balance_Guardrails,Def 88 / MDef 52,MATCH,—,No,,See EQUIPMENT_BALANCE_AUDIT_v0.8 (R31) for sidegrade notes
X0241,Equipment - body,EQ-A05,Concord Vest,Name,Concord Vest,Content_Data v1.2 xlsx Armor,locked_name 'Concord Vest',MATCH,—,No,,
X0242,Equipment - body,EQ-A05,Concord Vest,In-game display name (12-char field),Concord Vest,Content_Data v1.2 xlsx Armor,'Concord Vest',MATCH,—,No,,
X0243,Equipment - body,EQ-A05,Concord Vest,Category / slot,Body,Content_Data v1.2 xlsx Armor,armor/body (template Dark Gear),MATCH,—,No,,
X0244,Equipment - body,EQ-A05,Concord Vest,Equip mask (users),Locke/Shadow/Gau/Mog/Gogo,Content_Data v1.2 xlsx Armor,"Locke, Shadow, Mog, Gau, Gogo",MATCH,—,No,,
X0245,Equipment - body,EQ-A05,Concord Vest,Defense,76,Content_Data v1.2 xlsx Armor,76,MATCH,—,No,,
X0246,Equipment - body,EQ-A05,Concord Vest,Magic Defense,62,Content_Data v1.2 xlsx Armor,62,MATCH,—,No,,
X0247,Equipment - body,EQ-A05,Concord Vest,Stat bonuses (Vig/Spd/Sta/Mag/Eva/M.Eva),"Spd +4, Eva +20",Content_Data v1.2 xlsx Armor,"Spd +4, Eva +20",MATCH,—,No,,
X0248,Equipment - body,EQ-A05,Concord Vest,Element / status / special effect,none,Content_Data v1.2 xlsx Armor,none,MATCH,—,No,,
X0249,Equipment - body,EQ-A05,Concord Vest,Acquisition / source,NOT SPECIFIED (Armor sheet has no Source column; not named in Bible/Script/Narrative),Content_Data v1.2 xlsx Armor; Master Design Bible v1.0 §16,arc_reward_tbd: arc design (Armor sheet: not specified); conditions ['PREREQ_TBD_ARC_DESIGN']; symbol EV_ARC_REWARD_CONCORD_VEST,DERIVED,Keep 'arc_reward_tbd' until a versioned design change assigns a source,No,Later,
X0250,Equipment - body,EQ-A05,Concord Vest,Story arc binding,not locked,Content_Data v1.2 xlsx / Master Design Bible v1.0,PREREQ_TBD_ARC_DESIGN,DERIVED,—,No,,
X0251,Equipment - body,EQ-A05,Concord Vest,Description,not locked,—,Light vest of Concord / Raises Speed and evade,DERIVED,Accept (or edit wording),"Yes - text, only if changed",,
X0252,Equipment - body,EQ-A05,Concord Vest,Visual / ROM representation,concept art only; ROM keeps the existing icon family unless a UI expansion is approved,Content_Data v1.2 xlsx Equipment_Art_Prompts (LOCK-06),vanilla Dark Gear ($96) icon / block graphic,MATCH,—,No,,
X0253,Equipment - body,EQ-A05,Concord Vest,Balance guardrail,"BAL-08: body Def 70-92, MDef 52-82, tradeoffs mandatory",Balance_Guardrails,Def 76 / MDef 62,MATCH,—,No,,See EQUIPMENT_BALANCE_AUDIT_v0.8 (R31) for sidegrade notes
X0254,Equipment - body,EQ-A06,Doma Plate,Name,Doma Plate,Content_Data v1.2 xlsx Armor,locked_name 'Doma Plate',MATCH,—,No,,
X0255,Equipment - body,EQ-A06,Doma Plate,In-game display name (12-char field),Doma Plate,Content_Data v1.2 xlsx Armor,'Doma Plate',MATCH,—,No,,
X0256,Equipment - body,EQ-A06,Doma Plate,Category / slot,Body,Content_Data v1.2 xlsx Armor,armor/body (template DiamondArmor),MATCH,—,No,,
X0257,Equipment - body,EQ-A06,Doma Plate,Equip mask (users),Cyan/Edgar/Celes/Terra,Content_Data v1.2 xlsx Armor,"Terra, Cyan, Edgar, Celes",MATCH,—,No,,
X0258,Equipment - body,EQ-A06,Doma Plate,Defense,92,Content_Data v1.2 xlsx Armor,92,MATCH,—,No,,
X0259,Equipment - body,EQ-A06,Doma Plate,Magic Defense,58,Content_Data v1.2 xlsx Armor,58,MATCH,—,No,,
X0260,Equipment - body,EQ-A06,Doma Plate,Stat bonuses (Vig/Spd/Sta/Mag/Eva/M.Eva),Sta +5,Content_Data v1.2 xlsx Armor,Sta +5,MATCH,—,No,,
X0261,Equipment - body,EQ-A06,Doma Plate,Element / status / special effect,none,Content_Data v1.2 xlsx Armor,none,MATCH,—,No,,
X0262,Equipment - body,EQ-A06,Doma Plate,Acquisition / source,NOT SPECIFIED (Armor sheet has no Source column; not named in Bible/Script/Narrative),Content_Data v1.2 xlsx Armor; Master Design Bible v1.0 §16,arc_reward_tbd: arc design (Armor sheet: not specified); conditions ['PREREQ_TBD_ARC_DESIGN']; symbol EV_ARC_REWARD_DOMA_PLATE,DERIVED,Keep 'arc_reward_tbd' until a versioned design change assigns a source,No,Later,
X0263,Equipment - body,EQ-A06,Doma Plate,Story arc binding,not locked,Content_Data v1.2 xlsx / Master Design Bible v1.0,PREREQ_TBD_ARC_DESIGN,DERIVED,—,No,,
X0264,Equipment - body,EQ-A06,Doma Plate,Description,not locked,—,Heavy plate of Doma / Raises Stamina,DERIVED,Accept (or edit wording),"Yes - text, only if changed",,
X0265,Equipment - body,EQ-A06,Doma Plate,Visual / ROM representation,concept art only; ROM keeps the existing icon family unless a UI expansion is approved,Content_Data v1.2 xlsx Equipment_Art_Prompts (LOCK-06),vanilla DiamondArmor ($95) icon / block graphic,MATCH,—,No,,
X0266,Equipment - body,EQ-A06,Doma Plate,Balance guardrail,"BAL-08: body Def 70-92, MDef 52-82, tradeoffs mandatory",Balance_Guardrails,Def 92 / MDef 58,MATCH,—,No,,See EQUIPMENT_BALANCE_AUDIT_v0.8 (R31) for sidegrade notes
X0267,Equipment - body,EQ-A07,Falcon Jacket,Name,Falcon Jacket,Content_Data v1.2 xlsx Armor,locked_name 'Falcon Jacket',MATCH,—,No,,
X0268,Equipment - body,EQ-A07,Falcon Jacket,In-game display name (12-char field),Falcon Jacket,Content_Data v1.2 xlsx Armor,'FalconJacket',DERIVED,Accept the abbreviation (R21) or approve a UI name-field widening (engine work),"Yes - text, only if changed",Confirm,
X0269,Equipment - body,EQ-A07,Falcon Jacket,Category / slot,Body,Content_Data v1.2 xlsx Armor,armor/body (template Mirage Vest),MATCH,—,No,,
X0270,Equipment - body,EQ-A07,Falcon Jacket,Equip mask (users),Setzer/Locke/Shadow,Content_Data v1.2 xlsx Armor,"Locke, Shadow, Setzer",MATCH,—,No,,
X0271,Equipment - body,EQ-A07,Falcon Jacket,Defense,74,Content_Data v1.2 xlsx Armor,74,MATCH,—,No,,
X0272,Equipment - body,EQ-A07,Falcon Jacket,Magic Defense,60,Content_Data v1.2 xlsx Armor,60,MATCH,—,No,,
X0273,Equipment - body,EQ-A07,Falcon Jacket,Stat bonuses (Vig/Spd/Sta/Mag/Eva/M.Eva),Spd +5,Content_Data v1.2 xlsx Armor,Spd +5,MATCH,—,No,,
X0274,Equipment - body,EQ-A07,Falcon Jacket,Element / status / special effect,Wind resist,Content_Data v1.2 xlsx Armor,elem_half WIND (resist read as half damage),DERIVED,Confirm 'resist' = half damage,Yes - data only if changed,Confirm,
X0275,Equipment - body,EQ-A07,Falcon Jacket,Acquisition / source,NOT SPECIFIED (Armor sheet has no Source column; not named in Bible/Script/Narrative),Content_Data v1.2 xlsx Armor; Master Design Bible v1.0 §16,arc_reward_tbd: arc design (Armor sheet: not specified); conditions ['PREREQ_TBD_ARC_DESIGN']; symbol EV_ARC_REWARD_FALCON_JACKET,DERIVED,Keep 'arc_reward_tbd' until a versioned design change assigns a source,No,Later,
X0276,Equipment - body,EQ-A07,Falcon Jacket,Story arc binding,not locked,Content_Data v1.2 xlsx / Master Design Bible v1.0,PREREQ_TBD_ARC_DESIGN,DERIVED,—,No,,
X0277,Equipment - body,EQ-A07,Falcon Jacket,Description,not locked,—,"Falcon Jacket / Raises Speed, halves wind",DERIVED,Accept (or edit wording),"Yes - text, only if changed",,
X0278,Equipment - body,EQ-A07,Falcon Jacket,Visual / ROM representation,concept art only; ROM keeps the existing icon family unless a UI expansion is approved,Content_Data v1.2 xlsx Equipment_Art_Prompts (LOCK-06),vanilla Mirage Vest ($8E) icon / block graphic,MATCH,—,No,,
X0279,Equipment - body,EQ-A07,Falcon Jacket,Balance guardrail,"BAL-08: body Def 70-92, MDef 52-82, tradeoffs mandatory",Balance_Guardrails,Def 74 / MDef 60,MATCH,—,No,,See EQUIPMENT_BALANCE_AUDIT_v0.8 (R31) for sidegrade notes
X0280,Equipment - head,EQ-A08,Child's Ribbon,Name,Child's Ribbon,Content_Data v1.2 xlsx Armor,locked_name 'Child's Ribbon',MATCH,—,No,,
X0281,Equipment - head,EQ-A08,Child's Ribbon,In-game display name (12-char field),Child's Ribbon,Content_Data v1.2 xlsx Armor,'ChildsRibbon',DERIVED,Accept the abbreviation (R21) or approve a UI name-field widening (engine work),"Yes - text, only if changed",Confirm,
X0282,Equipment - head,EQ-A08,Child's Ribbon,Category / slot,Head,Content_Data v1.2 xlsx Armor,helmet/helmet (template Coronet),MATCH,—,No,,
X0283,Equipment - head,EQ-A08,Child's Ribbon,Equip mask (users),Terra/Relm/Celes,Content_Data v1.2 xlsx Armor,"Terra, Celes, Relm",MATCH,—,No,,
X0284,Equipment - head,EQ-A08,Child's Ribbon,Defense,34,Content_Data v1.2 xlsx Armor,34,MATCH,—,No,,
X0285,Equipment - head,EQ-A08,Child's Ribbon,Magic Defense,38,Content_Data v1.2 xlsx Armor,38,MATCH,—,No,,
X0286,Equipment - head,EQ-A08,Child's Ribbon,Stat bonuses (Vig/Spd/Sta/Mag/Eva/M.Eva),"Mag +3, Sta +3",Content_Data v1.2 xlsx Armor,"Sta +3, Mag +3",MATCH,—,No,,
X0287,Equipment - head,EQ-A08,Child's Ribbon,Element / status / special effect,status resist subset (statuses not named),Content_Data v1.2 xlsx Armor,"immune BLIND, POISON, SILENCE, SLEEP (4 of Ribbon's set)",DERIVED,Confirm the 4-status subset,Yes - data only if changed,Confirm,
X0288,Equipment - head,EQ-A08,Child's Ribbon,Acquisition / source,NOT SPECIFIED (Armor sheet has no Source column; not named in Bible/Script/Narrative),Content_Data v1.2 xlsx Armor; Master Design Bible v1.0 §16,arc_reward_tbd: arc design (Armor sheet: not specified); conditions ['PREREQ_TBD_ARC_DESIGN']; symbol EV_ARC_REWARD_CHILDS_RIBBON,DERIVED,Keep 'arc_reward_tbd' until a versioned design change assigns a source,No,Later,
X0289,Equipment - head,EQ-A08,Child's Ribbon,Story arc binding,not locked,Content_Data v1.2 xlsx / Master Design Bible v1.0,PREREQ_TBD_ARC_DESIGN,DERIVED,—,No,,
X0290,Equipment - head,EQ-A08,Child's Ribbon,Description,not locked,—,Child's Ribbon / Wards Dark/Poison/Mute/Sleep,DERIVED,Accept (or edit wording),"Yes - text, only if changed",,
X0291,Equipment - head,EQ-A08,Child's Ribbon,Visual / ROM representation,concept art only; ROM keeps the existing icon family unless a UI expansion is approved,Content_Data v1.2 xlsx Equipment_Art_Prompts (LOCK-06),vanilla Coronet ($70) icon / block graphic,MATCH,—,No,,
X0292,Equipment - head,EQ-A09,Doma Kabuto,Name,Doma Kabuto,Content_Data v1.2 xlsx Armor,locked_name 'Doma Kabuto',MATCH,—,No,,
X0293,Equipment - head,EQ-A09,Doma Kabuto,In-game display name (12-char field),Doma Kabuto,Content_Data v1.2 xlsx Armor,'Doma Kabuto',MATCH,—,No,,
X0294,Equipment - head,EQ-A09,Doma Kabuto,Category / slot,Head,Content_Data v1.2 xlsx Armor,helmet/helmet (template Diamond Helm),MATCH,—,No,,
X0295,Equipment - head,EQ-A09,Doma Kabuto,Equip mask (users),Cyan,Content_Data v1.2 xlsx Armor,Cyan,MATCH,—,No,,
X0296,Equipment - head,EQ-A09,Doma Kabuto,Defense,42,Content_Data v1.2 xlsx Armor,42,MATCH,—,No,,
X0297,Equipment - head,EQ-A09,Doma Kabuto,Magic Defense,32,Content_Data v1.2 xlsx Armor,32,MATCH,—,No,,
X0298,Equipment - head,EQ-A09,Doma Kabuto,Stat bonuses (Vig/Spd/Sta/Mag/Eva/M.Eva),"Vig +4, Sta +4",Content_Data v1.2 xlsx Armor,"Vig +4, Sta +4",MATCH,—,No,,
X0299,Equipment - head,EQ-A09,Doma Kabuto,Element / status / special effect,none,Content_Data v1.2 xlsx Armor,none,MATCH,—,No,,
X0300,Equipment - head,EQ-A09,Doma Kabuto,Acquisition / source,NOT SPECIFIED (Armor sheet has no Source column; not named in Bible/Script/Narrative),Content_Data v1.2 xlsx Armor; Master Design Bible v1.0 §16,arc_reward_tbd: arc design (Armor sheet: not specified); conditions ['PREREQ_TBD_ARC_DESIGN']; symbol EV_ARC_REWARD_DOMA_KABUTO,DERIVED,Keep 'arc_reward_tbd' until a versioned design change assigns a source,No,Later,
X0301,Equipment - head,EQ-A09,Doma Kabuto,Story arc binding,not locked,Content_Data v1.2 xlsx / Master Design Bible v1.0,PREREQ_TBD_ARC_DESIGN,DERIVED,—,No,,
X0302,Equipment - head,EQ-A09,Doma Kabuto,Description,not locked,—,Helm of Doma's knights / Raises Vigor and Stamina,DERIVED,Accept (or edit wording),"Yes - text, only if changed",,
X0303,Equipment - head,EQ-A09,Doma Kabuto,Visual / ROM representation,concept art only; ROM keeps the existing icon family unless a UI expansion is approved,Content_Data v1.2 xlsx Equipment_Art_Prompts (LOCK-06),vanilla Diamond Helm ($7C) icon / block graphic,MATCH,—,No,,
X0304,Equipment - head,EQ-A10,Engineer Goggles,Name,Engineer Goggles,Content_Data v1.2 xlsx Armor,locked_name 'Engineer Goggles',MATCH,—,No,,
X0305,Equipment - head,EQ-A10,Engineer Goggles,In-game display name (12-char field),Engineer Goggles,Content_Data v1.2 xlsx Armor,'Eng. Goggles',DERIVED,Accept the abbreviation (R21) or approve a UI name-field widening (engine work),"Yes - text, only if changed",Confirm,
X0306,Equipment - head,EQ-A10,Engineer Goggles,Category / slot,Head,Content_Data v1.2 xlsx Armor,helmet/helmet (template Diamond Helm),MATCH,—,No,,
X0307,Equipment - head,EQ-A10,Engineer Goggles,Equip mask (users),Edgar/Setzer,Content_Data v1.2 xlsx Armor,"Edgar, Setzer",MATCH,—,No,,
X0308,Equipment - head,EQ-A10,Engineer Goggles,Defense,36,Content_Data v1.2 xlsx Armor,36,MATCH,—,No,,
X0309,Equipment - head,EQ-A10,Engineer Goggles,Magic Defense,30,Content_Data v1.2 xlsx Armor,30,MATCH,—,No,,
X0310,Equipment - head,EQ-A10,Engineer Goggles,Stat bonuses (Vig/Spd/Sta/Mag/Eva/M.Eva),Spd +2,Content_Data v1.2 xlsx Armor,Spd +2,MATCH,—,No,,
X0311,Equipment - head,EQ-A10,Engineer Goggles,Element / status / special effect,Blind immunity,Content_Data v1.2 xlsx Armor,immune BLIND,MATCH,—,No,,
X0312,Equipment - head,EQ-A10,Engineer Goggles,Acquisition / source,NOT SPECIFIED (Armor sheet has no Source column; not named in Bible/Script/Narrative),Content_Data v1.2 xlsx Armor; Master Design Bible v1.0 §16,arc_reward_tbd: arc design (Armor sheet: not specified); conditions ['PREREQ_TBD_ARC_DESIGN']; symbol EV_ARC_REWARD_ENGINEER_GOGGLES,DERIVED,Keep 'arc_reward_tbd' until a versioned design change assigns a source,No,Later,
X0313,Equipment - head,EQ-A10,Engineer Goggles,Story arc binding,not locked,Content_Data v1.2 xlsx / Master Design Bible v1.0,PREREQ_TBD_ARC_DESIGN,DERIVED,—,No,,
X0314,Equipment - head,EQ-A10,Engineer Goggles,Description,not locked,—,"Engineer Goggles / Prevents Dark, Speed up",DERIVED,Accept (or edit wording),"Yes - text, only if changed",,
X0315,Equipment - head,EQ-A10,Engineer Goggles,Visual / ROM representation,concept art only; ROM keeps the existing icon family unless a UI expansion is approved,Content_Data v1.2 xlsx Equipment_Art_Prompts (LOCK-06),vanilla Diamond Helm ($7C) icon / block graphic,MATCH,—,No,,
X0316,Equipment - head,EQ-A11,Magi Circlet,Name,Magi Circlet,Content_Data v1.2 xlsx Armor,locked_name 'Magi Circlet',MATCH,—,No,,
X0317,Equipment - head,EQ-A11,Magi Circlet,In-game display name (12-char field),Magi Circlet,Content_Data v1.2 xlsx Armor,'Magi Circlet',MATCH,—,No,,
X0318,Equipment - head,EQ-A11,Magi Circlet,Category / slot,Head,Content_Data v1.2 xlsx Armor,helmet/helmet (template Mystery Veil),MATCH,—,No,,
X0319,Equipment - head,EQ-A11,Magi Circlet,Equip mask (users),Magic users,Content_Data v1.2 xlsx Armor,"Terra, Celes, Strago, Relm, Gogo  [read as: the five-character magic set of Legacy of the Magi / Magister Robe]",DERIVED,Confirm this reading of 'Magic users',Yes - data only if changed,Confirm,
X0320,Equipment - head,EQ-A11,Magi Circlet,Defense,36,Content_Data v1.2 xlsx Armor,36,MATCH,—,No,,
X0321,Equipment - head,EQ-A11,Magi Circlet,Magic Defense,44,Content_Data v1.2 xlsx Armor,44,MATCH,—,No,,
X0322,Equipment - head,EQ-A11,Magi Circlet,Stat bonuses (Vig/Spd/Sta/Mag/Eva/M.Eva),"Mag +5, M.Eva +10",Content_Data v1.2 xlsx Armor,"Mag +5, M.Eva +10",MATCH,—,No,,
X0323,Equipment - head,EQ-A11,Magi Circlet,Element / status / special effect,none,Content_Data v1.2 xlsx Armor,none,MATCH,—,No,,
X0324,Equipment - head,EQ-A11,Magi Circlet,Acquisition / source,NOT SPECIFIED (Armor sheet has no Source column; not named in Bible/Script/Narrative),Content_Data v1.2 xlsx Armor; Master Design Bible v1.0 §16,arc_reward_tbd: arc design (Armor sheet: not specified); conditions ['PREREQ_TBD_ARC_DESIGN']; symbol EV_ARC_REWARD_MAGI_CIRCLET,DERIVED,Keep 'arc_reward_tbd' until a versioned design change assigns a source,No,Later,
X0325,Equipment - head,EQ-A11,Magi Circlet,Story arc binding,not locked,Content_Data v1.2 xlsx / Master Design Bible v1.0,PREREQ_TBD_ARC_DESIGN,DERIVED,—,No,,
X0326,Equipment - head,EQ-A11,Magi Circlet,Description,not locked,—,Circlet of the Magi / Raises Mag pwr and MBlock,DERIVED,Accept (or edit wording),"Yes - text, only if changed",,
X0327,Equipment - head,EQ-A11,Magi Circlet,Visual / ROM representation,concept art only; ROM keeps the existing icon family unless a UI expansion is approved,Content_Data v1.2 xlsx Equipment_Art_Prompts (LOCK-06),vanilla Mystery Veil ($79) icon / block graphic,MATCH,—,No,,
X0328,Equipment - shield,EQ-A12,Concord Shield,Name,Concord Shield,Content_Data v1.2 xlsx Armor,locked_name 'Concord Shield',MATCH,—,No,,
X0329,Equipment - shield,EQ-A12,Concord Shield,In-game display name (12-char field),Concord Shield,Content_Data v1.2 xlsx Armor,'Concord Shld',DERIVED,Accept the abbreviation (R21) or approve a UI name-field widening (engine work),"Yes - text, only if changed",Confirm,
X0330,Equipment - shield,EQ-A12,Concord Shield,Category / slot,Shield,Content_Data v1.2 xlsx Armor,shield/shield (template Genji Shld),MATCH,—,No,,
X0331,Equipment - shield,EQ-A12,Concord Shield,Equip mask (users),Broad,Content_Data v1.2 xlsx Armor,"Terra, Locke, Cyan, Shadow, Edgar, Sabin, Celes, Strago, Relm, Setzer, Mog, Gogo  [read as: every character except Gau/Umaro (engine rule R8: no extended shield for Gau/Umaro)]",DERIVED,Confirm this reading of 'Broad',Yes - data only if changed,Confirm,
X0332,Equipment - shield,EQ-A12,Concord Shield,Defense,54,Content_Data v1.2 xlsx Armor,54,MATCH,—,No,,
X0333,Equipment - shield,EQ-A12,Concord Shield,Magic Defense,48,Content_Data v1.2 xlsx Armor,48,MATCH,—,No,,
X0334,Equipment - shield,EQ-A12,Concord Shield,Stat bonuses (Vig/Spd/Sta/Mag/Eva/M.Eva),"Eva +20, M.Eva +20",Content_Data v1.2 xlsx Armor,"Eva +20, M.Eva +20",MATCH,—,No,,
X0335,Equipment - shield,EQ-A12,Concord Shield,Element / status / special effect,Holy resist,Content_Data v1.2 xlsx Armor,elem_half HOLY (resist read as half damage),DERIVED,Confirm 'resist' = half damage,Yes - data only if changed,Confirm,
X0336,Equipment - shield,EQ-A12,Concord Shield,Acquisition / source,NOT SPECIFIED (Armor sheet has no Source column; not named in Bible/Script/Narrative),Content_Data v1.2 xlsx Armor; Master Design Bible v1.0 §16,arc_reward_tbd: arc design (Armor sheet: not specified); conditions ['PREREQ_TBD_ARC_DESIGN']; symbol EV_ARC_REWARD_CONCORD_SHIELD,DERIVED,Keep 'arc_reward_tbd' until a versioned design change assigns a source,No,Later,
X0337,Equipment - shield,EQ-A12,Concord Shield,Story arc binding,not locked,Content_Data v1.2 xlsx / Master Design Bible v1.0,PREREQ_TBD_ARC_DESIGN,DERIVED,—,No,,
X0338,Equipment - shield,EQ-A12,Concord Shield,Description,not locked,—,Concord Shield / Halves Pearl damage,DERIVED,Accept (or edit wording),"Yes - text, only if changed",,
X0339,Equipment - shield,EQ-A12,Concord Shield,Visual / ROM representation,concept art only; ROM keeps the existing icon family unless a UI expansion is approved,Content_Data v1.2 xlsx Equipment_Art_Prompts (LOCK-06),vanilla Genji Shld ($64) icon / block graphic,MATCH,—,No,,
X0340,Equipment - shield,EQ-A13,Ashguard,Name,Ashguard,Content_Data v1.2 xlsx Armor,locked_name 'Ashguard',MATCH,—,No,,
X0341,Equipment - shield,EQ-A13,Ashguard,In-game display name (12-char field),Ashguard,Content_Data v1.2 xlsx Armor,'Ashguard',MATCH,—,No,,
X0342,Equipment - shield,EQ-A13,Ashguard,Category / slot,Shield,Content_Data v1.2 xlsx Armor,shield/shield (template Crystal Shld),MATCH,—,No,,
X0343,Equipment - shield,EQ-A13,Ashguard,Equip mask (users),Heavy users,Content_Data v1.2 xlsx Armor,"Terra, Cyan, Edgar, Celes, Setzer  [read as: vanilla heavy-shield set (Crystal/Diamond Shld users)]",DERIVED,Confirm this reading of 'Heavy users',Yes - data only if changed,Confirm,
X0344,Equipment - shield,EQ-A13,Ashguard,Defense,58,Content_Data v1.2 xlsx Armor,58,MATCH,—,No,,
X0345,Equipment - shield,EQ-A13,Ashguard,Magic Defense,42,Content_Data v1.2 xlsx Armor,42,MATCH,—,No,,
X0346,Equipment - shield,EQ-A13,Ashguard,Stat bonuses (Vig/Spd/Sta/Mag/Eva/M.Eva),none,Content_Data v1.2 xlsx Armor,none,MATCH,—,No,,
X0347,Equipment - shield,EQ-A13,Ashguard,Element / status / special effect,Fire absorb; Ice weakness,Content_Data v1.2 xlsx Armor,"elem_absorb FIRE, elem_weak ICE",MATCH,—,No,,
X0348,Equipment - shield,EQ-A13,Ashguard,Acquisition / source,NOT SPECIFIED (Armor sheet has no Source column; not named in Bible/Script/Narrative),Content_Data v1.2 xlsx Armor; Master Design Bible v1.0 §16,arc_reward_tbd: arc design (Armor sheet: not specified); conditions ['PREREQ_TBD_ARC_DESIGN']; symbol EV_ARC_REWARD_ASHGUARD,DERIVED,Keep 'arc_reward_tbd' until a versioned design change assigns a source,No,Later,
X0349,Equipment - shield,EQ-A13,Ashguard,Story arc binding,not locked,Content_Data v1.2 xlsx / Master Design Bible v1.0,PREREQ_TBD_ARC_DESIGN,DERIVED,—,No,,
X0350,Equipment - shield,EQ-A13,Ashguard,Description,not locked,—,"Shield forged in ash / Absorbs fire, weak to ice",DERIVED,Accept (or edit wording),"Yes - text, only if changed",,
X0351,Equipment - shield,EQ-A13,Ashguard,Visual / ROM representation,concept art only; ROM keeps the existing icon family unless a UI expansion is approved,Content_Data v1.2 xlsx Equipment_Art_Prompts (LOCK-06),vanilla Crystal Shld ($63) icon / block graphic,MATCH,—,No,,
X0352,Equipment - relic,EQ-R01,Runic Crest,Name,Runic Crest,Content_Data v1.2 xlsx Relics,locked_name 'Runic Crest',MATCH,—,No,,
X0353,Equipment - relic,EQ-R01,Runic Crest,In-game display name (12-char field),Runic Crest,Content_Data v1.2 xlsx Relics,'Runic Crest',MATCH,—,No,,
X0354,Equipment - relic,EQ-R01,Runic Crest,Category / slot,Relic,Content_Data v1.2 xlsx Relics,relic/relic (template Goggles),MATCH,—,No,,
X0355,Equipment - relic,EQ-R01,Runic Crest,Equip mask (users),Celes,Content_Data v1.2 xlsx Relics,Celes,MATCH,—,No,,
X0356,Equipment - relic,EQ-R01,Runic Crest,Stat bonuses (Vig/Spd/Sta/Mag/Eva/M.Eva),"Mag +5, M.Eva +20",Content_Data v1.2 xlsx Relics,"Mag +5, M.Eva +20",MATCH,—,No,,
X0357,Equipment - relic,EQ-R01,Runic Crest,"ASM-enhanced effect (deferred, R14)",Runic absorb restores 20% more MP (ASM),Master Design Bible v1.0 §4 Runic Crest,not implemented (BAL-18 fallback running),MATCH,Implement only in a relic-ASM TECH gate,Yes - engine/ASM (future module),,
X0358,Equipment - relic,EQ-R01,Runic Crest,Relic fallback effect (BAL-18),Mag +5 / M.Eva +20 only,Master Design Bible v1.0 §4 Runic Crest,"deferred; running BAL-18 fallback = Mag +5, M.Eva +20",MATCH,Keep fallback for CONTENT v1.0 (Bible §30 Milestone 1 says 'Runic Crest fallback version'),No,Confirm (ASM in or out of v1.0),
X0359,Equipment - relic,EQ-R01,Runic Crest,Acquisition / source,Celes arc: Magitek Praetor boss reward,"Content_Data v1.2 xlsx Relics, Bosses, Quest_Arcs; Master Design Bible v1.0 §4",boss_reward: Celes arc (Magitek Praetor); conditions ['PREREQ_CELES_ARC']; symbol EV_BOSS_MAGITEK_PRAETOR_RUNIC_CREST,MATCH,Give after the Praetor in CONTENT v1.0,No (source metadata only; placing it later is CONTENT work),,Celes arc reward.
X0360,Equipment - relic,EQ-R01,Runic Crest,Story arc binding,ARC-1 Celes,Content_Data v1.2 xlsx Quest_Arcs / Bosses / Master Design Bible v1.0,PREREQ_CELES_ARC,MATCH,—,No,,
X0361,Equipment - relic,EQ-R01,Runic Crest,Description,not locked,—,Celes' crest of the Runic / Raises Mag pwr and MBlock,DERIVED,Accept (or edit wording),"Yes - text, only if changed",,
X0362,Equipment - relic,EQ-R01,Runic Crest,Visual / ROM representation,concept art only; ROM keeps the existing icon family unless a UI expansion is approved,Content_Data v1.2 xlsx Equipment_Art_Prompts (LOCK-06),vanilla relic icon ($B0 Goggles template; no Goggles property copied),MATCH,—,No,,
X0363,Equipment - relic,EQ-R01,Runic Crest,Balance guardrail,BAL-09/BAL-18: identity or defensive sidegrade; optional ASM perks need a stat fallback,Balance_Guardrails,stat/passive fallback present,MATCH,—,No,,
X0364,Equipment - relic,EQ-R02,Maduin's Locket,Name,Maduin's Locket,Content_Data v1.2 xlsx Relics,locked_name 'Maduin's Locket',MATCH,—,No,,
X0365,Equipment - relic,EQ-R02,Maduin's Locket,In-game display name (12-char field),Maduin's Locket,Content_Data v1.2 xlsx Relics,'MaduinLocket',DERIVED,Accept the abbreviation (R21) or approve a UI name-field widening (engine work),"Yes - text, only if changed",Confirm,
X0366,Equipment - relic,EQ-R02,Maduin's Locket,Category / slot,Relic,Content_Data v1.2 xlsx Relics,relic/relic (template Goggles),MATCH,—,No,,
X0367,Equipment - relic,EQ-R02,Maduin's Locket,Equip mask (users),Terra,Content_Data v1.2 xlsx Relics,Terra,MATCH,—,No,,
X0368,Equipment - relic,EQ-R02,Maduin's Locket,Stat bonuses (Vig/Spd/Sta/Mag/Eva/M.Eva),"Mag +6, Sta +3",Content_Data v1.2 xlsx Relics,"Sta +3, Mag +6",MATCH,—,No,,
X0369,Equipment - relic,EQ-R02,Maduin's Locket,"ASM-enhanced effect (deferred, R14)",Trance duration +25% (ASM),Master Design Bible v1.0 §5 Maduin's Locket,not implemented (BAL-18 fallback running),MATCH,Implement only in a relic-ASM TECH gate,Yes - engine/ASM (future module),,
X0370,Equipment - relic,EQ-R02,Maduin's Locket,Relic fallback effect (BAL-18),MP +25% via existing relic flag,Master Design Bible v1.0 §5 Maduin's Locket,"deferred; fallback = Mag +6, Sta +3 + MP +25% bit",MATCH,—,No,,
X0371,Equipment - relic,EQ-R02,Maduin's Locket,Acquisition / source,Terra arc: Magi-Eater,Content_Data v1.2 xlsx Bosses; Master Design Bible v1.0 §5,boss_reward: Terra arc (Magi-Eater); conditions ['PREREQ_TERRA_ARC']; symbol EV_BOSS_MAGI_EATER_MADUINS_LOCKET,MATCH,—,No (source metadata only; placing it later is CONTENT work),,
X0372,Equipment - relic,EQ-R02,Maduin's Locket,Story arc binding,ARC-2 Terra,Content_Data v1.2 xlsx Quest_Arcs / Bosses / Master Design Bible v1.0,PREREQ_TERRA_ARC,MATCH,—,No,,
X0373,Equipment - relic,EQ-R02,Maduin's Locket,Description,not locked,—,"Maduin's Locket / Mag pwr up, MP up by 1/4",DERIVED,Accept (or edit wording),"Yes - text, only if changed",,
X0374,Equipment - relic,EQ-R02,Maduin's Locket,Visual / ROM representation,concept art only; ROM keeps the existing icon family unless a UI expansion is approved,Content_Data v1.2 xlsx Equipment_Art_Prompts (LOCK-06),vanilla relic icon ($B0 Goggles template; no Goggles property copied),MATCH,—,No,,
X0375,Equipment - relic,EQ-R02,Maduin's Locket,Balance guardrail,BAL-09/BAL-18: identity or defensive sidegrade; optional ASM perks need a stat fallback,Balance_Guardrails,stat/passive fallback present,MATCH,—,No,,
X0376,Equipment - relic,EQ-R03,Doma Crest,Name,Doma Crest,Content_Data v1.2 xlsx Relics,locked_name 'Doma Crest',MATCH,—,No,,
X0377,Equipment - relic,EQ-R03,Doma Crest,In-game display name (12-char field),Doma Crest,Content_Data v1.2 xlsx Relics,'Doma Crest',MATCH,—,No,,
X0378,Equipment - relic,EQ-R03,Doma Crest,Category / slot,Relic,Content_Data v1.2 xlsx Relics,relic/relic (template Goggles),MATCH,—,No,,
X0379,Equipment - relic,EQ-R03,Doma Crest,Equip mask (users),Cyan,Content_Data v1.2 xlsx Relics,Cyan,MATCH,—,No,,
X0380,Equipment - relic,EQ-R03,Doma Crest,Stat bonuses (Vig/Spd/Sta/Mag/Eva/M.Eva),"Vig +5, Sta +5, Spd +2",Content_Data v1.2 xlsx Relics,"Vig +5, Spd +2, Sta +5",MATCH,—,No,,
X0381,Equipment - relic,EQ-R03,Doma Crest,"ASM-enhanced effect (deferred, R14)",Bushido charge time reduced one step (ASM),Master Design Bible v1.0 §6 Doma Crest,not implemented (BAL-18 fallback running),MATCH,Implement only in a relic-ASM TECH gate,Yes - engine/ASM (future module),,
X0382,Equipment - relic,EQ-R03,Doma Crest,Relic fallback effect (BAL-18),stats only; Auto-Haste must NOT be used,Master Design Bible v1.0 §6 Doma Crest,"deferred; fallback = Vig +5, Sta +5, Spd +2 (no Auto-Haste)",MATCH,—,No,,
X0383,Equipment - relic,EQ-R03,Doma Crest,Acquisition / source,Cyan arc: Miasma Regent,Content_Data v1.2 xlsx Bosses; Master Design Bible v1.0 §6,boss_reward: Cyan arc (Miasma Regent); conditions ['PREREQ_CYAN_ARC']; symbol EV_BOSS_MIASMA_REGENT_DOMA_CREST,MATCH,—,No (source metadata only; placing it later is CONTENT work),,
X0384,Equipment - relic,EQ-R03,Doma Crest,Story arc binding,ARC-3 Cyan,Content_Data v1.2 xlsx Quest_Arcs / Bosses / Master Design Bible v1.0,PREREQ_CYAN_ARC,MATCH,—,No,,
X0385,Equipment - relic,EQ-R03,Doma Crest,Description,not locked,—,"Crest of Doma / Raises Vigor, Stamina, Speed",DERIVED,Accept (or edit wording),"Yes - text, only if changed",,
X0386,Equipment - relic,EQ-R03,Doma Crest,Visual / ROM representation,concept art only; ROM keeps the existing icon family unless a UI expansion is approved,Content_Data v1.2 xlsx Equipment_Art_Prompts (LOCK-06),vanilla relic icon ($B0 Goggles template; no Goggles property copied),MATCH,—,No,,
X0387,Equipment - relic,EQ-R03,Doma Crest,Balance guardrail,BAL-09/BAL-18: identity or defensive sidegrade; optional ASM perks need a stat fallback,Balance_Guardrails,stat/passive fallback present,MATCH,—,No,,
X0388,Equipment - relic,EQ-R04,Keepsake Ring,Name,Keepsake Ring,Content_Data v1.2 xlsx Relics,locked_name 'Keepsake Ring',MATCH,—,No,,
X0389,Equipment - relic,EQ-R04,Keepsake Ring,In-game display name (12-char field),Keepsake Ring,Content_Data v1.2 xlsx Relics,'KeepsakeRing',DERIVED,Accept the abbreviation (R21) or approve a UI name-field widening (engine work),"Yes - text, only if changed",Confirm,
X0390,Equipment - relic,EQ-R04,Keepsake Ring,Category / slot,Relic,Content_Data v1.2 xlsx Relics,relic/relic (template Goggles),MATCH,—,No,,
X0391,Equipment - relic,EQ-R04,Keepsake Ring,Equip mask (users),Shadow/Relm,Content_Data v1.2 xlsx Relics,"Shadow, Relm",MATCH,—,No,,
X0392,Equipment - relic,EQ-R04,Keepsake Ring,Stat bonuses (Vig/Spd/Sta/Mag/Eva/M.Eva),"Mag +3, Spd +3",Content_Data v1.2 xlsx Relics,"Spd +3, Mag +3",MATCH,—,No,,
X0393,Equipment - relic,EQ-R04,Keepsake Ring,Element / status / special effect,blocks Doom / Zombie / instant death,Content_Data v1.2 xlsx Relics; Master Design Bible v1.0 §7,"immune CONDEMNED, ZOMBIE, DEAD",MATCH,—,No,,
X0394,Equipment - relic,EQ-R04,Keepsake Ring,Acquisition / source,Shadow/Relm arc: Guiltshade; ARC-4B 'What Remains' gives an 'alternate Keepsake reward without Shadow enhancement',"Content_Data v1.2 xlsx Bosses, Arc_Beat_Lock, Canon_Lock CAN-008",boss_reward: Shadow/Relm arc (Guiltshade); conditions ['PREREQ_SHADOW_RELM_ARC']; symbol EV_BOSS_GUILTSHADE_KEEPSAKE_RING,MATCH,Model the ARC-4B alternate delivery when that arc is built (what 'Shadow enhancement' means is undefined),No (source metadata only; placing it later is CONTENT work),Later,
X0395,Equipment - relic,EQ-R04,Keepsake Ring,Story arc binding,ARC-4 Shadow/Relm (+4B),Content_Data v1.2 xlsx Quest_Arcs / Bosses / Master Design Bible v1.0,PREREQ_SHADOW_RELM_ARC,MATCH,—,No,,
X0396,Equipment - relic,EQ-R04,Keepsake Ring,Description,not locked,—,"Keepsake Ring / Blocks Doom, Zombie, death",DERIVED,Accept (or edit wording),"Yes - text, only if changed",,
X0397,Equipment - relic,EQ-R04,Keepsake Ring,Visual / ROM representation,concept art only; ROM keeps the existing icon family unless a UI expansion is approved,Content_Data v1.2 xlsx Equipment_Art_Prompts (LOCK-06),vanilla relic icon ($B0 Goggles template; no Goggles property copied),MATCH,—,No,,
X0398,Equipment - relic,EQ-R04,Keepsake Ring,Balance guardrail,BAL-09/BAL-18: identity or defensive sidegrade; optional ASM perks need a stat fallback,Balance_Guardrails,data-only effect,MATCH,—,No,,
X0399,Equipment - relic,EQ-R05,Darill's Coin,Name,Darill's Coin,Content_Data v1.2 xlsx Relics,locked_name 'Darill's Coin',MATCH,—,No,,
X0400,Equipment - relic,EQ-R05,Darill's Coin,In-game display name (12-char field),Darill's Coin,Content_Data v1.2 xlsx Relics,'Darill'sCoin',DERIVED,Accept the abbreviation (R21) or approve a UI name-field widening (engine work),"Yes - text, only if changed",Confirm,
X0401,Equipment - relic,EQ-R05,Darill's Coin,Category / slot,Relic,Content_Data v1.2 xlsx Relics,relic/relic (template Goggles),MATCH,—,No,,
X0402,Equipment - relic,EQ-R05,Darill's Coin,Equip mask (users),Setzer,Content_Data v1.2 xlsx Relics,Setzer,MATCH,—,No,,
X0403,Equipment - relic,EQ-R05,Darill's Coin,Stat bonuses (Vig/Spd/Sta/Mag/Eva/M.Eva),"Spd +5, M.Eva +20",Content_Data v1.2 xlsx Relics,"Spd +5, M.Eva +20",MATCH,—,No,,
X0404,Equipment - relic,EQ-R05,Darill's Coin,"ASM-enhanced effect (deferred, R14)",Slots bad-result probability reduced (ASM),Master Design Bible v1.0 §9 Darill's Coin,not implemented (BAL-18 fallback running),MATCH,Implement only in a relic-ASM TECH gate,Yes - engine/ASM (future module),,
X0405,Equipment - relic,EQ-R05,Darill's Coin,Relic fallback effect (BAL-18),"Speed +5, Magic +2, M.Evade +20%",Master Design Bible v1.0 §9 Darill's Coin,"deferred; fallback = Spd +5, M.Eva +20 (no Magic +2)",MISMATCH,"Add Mag +2 to the fallback record (1 ItemProp byte + description), OR record that the v1.2 Relics row (no Magic) supersedes the Bible fallback",Yes - data (ItemProp $11E) + description text,YES - which source wins,
X0406,Equipment - relic,EQ-R05,Darill's Coin,Acquisition / source,Setzer arc: Sky Reaver,Content_Data v1.2 xlsx Bosses; Master Design Bible v1.0 §9,boss_reward: Setzer arc (Sky Reaver); conditions ['PREREQ_SETZER_ARC']; symbol EV_BOSS_SKY_REAVER_DARILLS_COIN,MATCH,—,No (source metadata only; placing it later is CONTENT work),,
X0407,Equipment - relic,EQ-R05,Darill's Coin,Story arc binding,ARC-6 Setzer,Content_Data v1.2 xlsx Quest_Arcs / Bosses / Master Design Bible v1.0,PREREQ_SETZER_ARC,MATCH,—,No,,
X0408,Equipment - relic,EQ-R05,Darill's Coin,Description,not locked,—,Darill's Coin / Raises Speed and MBlock,DERIVED,Accept (or edit wording); update if the fallback changes,"Yes - text, only if changed",,
X0409,Equipment - relic,EQ-R05,Darill's Coin,Visual / ROM representation,concept art only; ROM keeps the existing icon family unless a UI expansion is approved,Content_Data v1.2 xlsx Equipment_Art_Prompts (LOCK-06),vanilla relic icon ($B0 Goggles template; no Goggles property copied),MATCH,—,No,,
X0410,Equipment - relic,EQ-R05,Darill's Coin,Balance guardrail,BAL-09/BAL-18: identity or defensive sidegrade; optional ASM perks need a stat fallback,Balance_Guardrails,stat/passive fallback present,MATCH,—,No,,
X0411,Equipment - relic,EQ-R06,Memorial Band,Name,Memorial Band,Content_Data v1.2 xlsx Relics,locked_name 'Memorial Band',MATCH,—,No,,
X0412,Equipment - relic,EQ-R06,Memorial Band,In-game display name (12-char field),Memorial Band,Content_Data v1.2 xlsx Relics,'MemorialBand',DERIVED,Accept the abbreviation (R21) or approve a UI name-field widening (engine work),"Yes - text, only if changed",Confirm,
X0413,Equipment - relic,EQ-R06,Memorial Band,Category / slot,Relic,Content_Data v1.2 xlsx Relics,relic/relic (template Goggles),MATCH,—,No,,
X0414,Equipment - relic,EQ-R06,Memorial Band,Equip mask (users),All,Content_Data v1.2 xlsx Relics,"Terra, Locke, Cyan, Shadow, Edgar, Sabin, Celes, Strago, Relm, Setzer, Mog, Gau, Gogo, Umaro",MATCH,—,No,,
X0415,Equipment - relic,EQ-R06,Memorial Band,Stat bonuses (Vig/Spd/Sta/Mag/Eva/M.Eva),Sta +4,Content_Data v1.2 xlsx Relics,Sta +4,MATCH,—,No,,
X0416,Equipment - relic,EQ-R06,Memorial Band,Element / status / special effect,prevents Berserk / Confuse,Content_Data v1.2 xlsx Relics,"immune BERSERK, CONFUSE",MATCH,—,No,,
X0417,Equipment - relic,EQ-R06,Memorial Band,Acquisition / source,"Vector memorial = minor quest 'Graves Without Names' (Vector ruins, identify soldiers/civilians)",Content_Data v1.2 xlsx Relics; Master Design Bible v1.0 §12; Script v1.0,quest_reward: Vector memorial; conditions ['PREREQ_VECTOR_MEMORIAL']; symbol EV_REWARD_VECTOR_MEMORIAL_BAND,MATCH,Implement with the Celes arc as its companion minor quest (needs Vale),No (source metadata only; placing it later is CONTENT work),Confirm scope,Celes-area quest.
X0418,Equipment - relic,EQ-R06,Memorial Band,Story arc binding,"Minor quest (Vector, Celes area)",Content_Data v1.2 xlsx Quest_Arcs / Bosses / Master Design Bible v1.0,PREREQ_VECTOR_MEMORIAL,MATCH,—,No,,
X0419,Equipment - relic,EQ-R06,Memorial Band,Description,not locked,—,"Memorial Band, Stamina up / Blocks Berserk and Muddle",DERIVED,Accept (or edit wording),"Yes - text, only if changed",,
X0420,Equipment - relic,EQ-R06,Memorial Band,Visual / ROM representation,concept art only; ROM keeps the existing icon family unless a UI expansion is approved,Content_Data v1.2 xlsx Equipment_Art_Prompts (LOCK-06),vanilla relic icon ($B0 Goggles template; no Goggles property copied),MATCH,—,No,,
X0421,Equipment - relic,EQ-R06,Memorial Band,Balance guardrail,BAL-09/BAL-18: identity or defensive sidegrade; optional ASM perks need a stat fallback,Balance_Guardrails,data-only effect,MATCH,—,No,,
X0422,Equipment - relic,EQ-R07,Gale Pin,Name,Gale Pin,Content_Data v1.2 xlsx Relics,locked_name 'Gale Pin',MATCH,—,No,,
X0423,Equipment - relic,EQ-R07,Gale Pin,In-game display name (12-char field),Gale Pin,Content_Data v1.2 xlsx Relics,'Gale Pin',MATCH,—,No,,
X0424,Equipment - relic,EQ-R07,Gale Pin,Category / slot,Relic,Content_Data v1.2 xlsx Relics,relic/relic (template Goggles),MATCH,—,No,,
X0425,Equipment - relic,EQ-R07,Gale Pin,Equip mask (users),All,Content_Data v1.2 xlsx Relics,"Terra, Locke, Cyan, Shadow, Edgar, Sabin, Celes, Strago, Relm, Setzer, Mog, Gau, Gogo, Umaro",MATCH,—,No,,
X0426,Equipment - relic,EQ-R07,Gale Pin,Stat bonuses (Vig/Spd/Sta/Mag/Eva/M.Eva),Spd +3,Content_Data v1.2 xlsx Relics,Spd +3,MATCH,—,No,,
X0427,Equipment - relic,EQ-R07,Gale Pin,Element / status / special effect,Wind resistance,Content_Data v1.2 xlsx Relics,elem_half WIND,DERIVED,Confirm 'resistance' = half damage,Yes - data only if changed,Confirm,
X0428,Equipment - relic,EQ-R07,Gale Pin,Acquisition / source,Coast beacon = minor quest 'Light on the Coast' (Nikeah),Content_Data v1.2 xlsx Relics; Master Design Bible v1.0 §12,quest_reward: Coast beacon; conditions ['PREREQ_COAST_BEACON']; symbol EV_REWARD_COAST_BEACON_GALE_PIN,MATCH,—,No (source metadata only; placing it later is CONTENT work),,
X0429,Equipment - relic,EQ-R07,Gale Pin,Story arc binding,Minor quest Light on the Coast,Content_Data v1.2 xlsx Quest_Arcs / Bosses / Master Design Bible v1.0,PREREQ_COAST_BEACON,MATCH,—,No,,
X0430,Equipment - relic,EQ-R07,Gale Pin,Description,not locked,—,Raises Speed / Halves wind damage,DERIVED,Accept (or edit wording),"Yes - text, only if changed",,
X0431,Equipment - relic,EQ-R07,Gale Pin,Visual / ROM representation,concept art only; ROM keeps the existing icon family unless a UI expansion is approved,Content_Data v1.2 xlsx Equipment_Art_Prompts (LOCK-06),vanilla relic icon ($B0 Goggles template; no Goggles property copied),MATCH,—,No,,
X0432,Equipment - relic,EQ-R07,Gale Pin,Balance guardrail,BAL-09/BAL-18: identity or defensive sidegrade; optional ASM perks need a stat fallback,Balance_Guardrails,data-only effect,MATCH,—,No,,
X0433,Equipment - relic,EQ-R08,Beastheart,Name,Beastheart,Content_Data v1.2 xlsx Relics,locked_name 'Beastheart',MATCH,—,No,,
X0434,Equipment - relic,EQ-R08,Beastheart,In-game display name (12-char field),Beastheart,Content_Data v1.2 xlsx Relics,'Beastheart',MATCH,—,No,,
X0435,Equipment - relic,EQ-R08,Beastheart,Category / slot,Relic,Content_Data v1.2 xlsx Relics,relic/relic (template Goggles),MATCH,—,No,,
X0436,Equipment - relic,EQ-R08,Beastheart,Equip mask (users),Gau,Content_Data v1.2 xlsx Relics,Gau,MATCH,—,No,,
X0437,Equipment - relic,EQ-R08,Beastheart,Stat bonuses (Vig/Spd/Sta/Mag/Eva/M.Eva),"Vig +4, Sta +4",Content_Data v1.2 xlsx Relics,"Vig +4, Sta +4",MATCH,—,No,,
X0438,Equipment - relic,EQ-R08,Beastheart,"ASM-enhanced effect (deferred, R14)",Rage enhancement reserved for ASM phase,Content_Data v1.2 xlsx Relics; Master Design Bible v1.0 §17,not implemented (BAL-18 fallback running),MATCH,Implement only in a relic-ASM TECH gate,Yes - engine/ASM (future module),,
X0439,Equipment - relic,EQ-R08,Beastheart,Relic fallback effect (BAL-18),stats only,Content_Data v1.2 xlsx Relics; Master Design Bible v1.0 §17,"deferred; fallback = Vig +4, Sta +4",MATCH,—,No,,
X0440,Equipment - relic,EQ-R08,Beastheart,Acquisition / source,Gau side content,Content_Data v1.2 xlsx Relics,quest_reward: Gau side content; conditions ['PREREQ_GAU_SIDE_CONTENT']; symbol EV_REWARD_GAU_SIDE_BEASTHEART,MATCH,Define the content later,No (source metadata only; placing it later is CONTENT work),Later,Undefined in every source.
X0441,Equipment - relic,EQ-R08,Beastheart,Story arc binding,not locked,Content_Data v1.2 xlsx / Master Design Bible v1.0,PREREQ_GAU_SIDE_CONTENT,DERIVED,—,No,,
X0442,Equipment - relic,EQ-R08,Beastheart,Description,not locked,—,Heart of the Veldt / Raises Vigor and Stamina,DERIVED,Accept (or edit wording),"Yes - text, only if changed",,
X0443,Equipment - relic,EQ-R08,Beastheart,Visual / ROM representation,concept art only; ROM keeps the existing icon family unless a UI expansion is approved,Content_Data v1.2 xlsx Equipment_Art_Prompts (LOCK-06),vanilla relic icon ($B0 Goggles template; no Goggles property copied),MATCH,—,No,,
X0444,Equipment - relic,EQ-R08,Beastheart,Balance guardrail,BAL-09/BAL-18: identity or defensive sidegrade; optional ASM perks need a stat fallback,Balance_Guardrails,stat/passive fallback present,MATCH,—,No,,
X0445,Equipment - relic,EQ-R09,Painter's Lens,Name,Painter's Lens,Content_Data v1.2 xlsx Relics,locked_name 'Painter's Lens',MATCH,—,No,,
X0446,Equipment - relic,EQ-R09,Painter's Lens,In-game display name (12-char field),Painter's Lens,Content_Data v1.2 xlsx Relics,'PaintersLens',DERIVED,Accept the abbreviation (R21) or approve a UI name-field widening (engine work),"Yes - text, only if changed",Confirm,
X0447,Equipment - relic,EQ-R09,Painter's Lens,Category / slot,Relic,Content_Data v1.2 xlsx Relics,relic/relic (template Goggles),MATCH,—,No,,
X0448,Equipment - relic,EQ-R09,Painter's Lens,Equip mask (users),Relm,Content_Data v1.2 xlsx Relics,Relm,MATCH,—,No,,
X0449,Equipment - relic,EQ-R09,Painter's Lens,Stat bonuses (Vig/Spd/Sta/Mag/Eva/M.Eva),Mag +5,Content_Data v1.2 xlsx Relics,Mag +5,MATCH,—,No,,
X0450,Equipment - relic,EQ-R09,Painter's Lens,Element / status / special effect,Sketch accuracy increase,Content_Data v1.2 xlsx Relics,relic bit INC_SKETCH_RATE (vanilla Beret bit; no ASM),MATCH,—,No,,
X0451,Equipment - relic,EQ-R09,Painter's Lens,Acquisition / source,Relm extension,Content_Data v1.2 xlsx Relics,quest_reward: Relm extension; conditions ['PREREQ_RELM_EXTENSION']; symbol EV_REWARD_RELM_EXTENSION_PAINTERS_LENS,MATCH,Define later,No (source metadata only; placing it later is CONTENT work),Later,Undefined.
X0452,Equipment - relic,EQ-R09,Painter's Lens,Story arc binding,not locked,Content_Data v1.2 xlsx / Master Design Bible v1.0,PREREQ_RELM_EXTENSION,DERIVED,—,No,,
X0453,Equipment - relic,EQ-R09,Painter's Lens,Description,not locked,—,"Painter's Lens, Mag pwr up / Raises Sketch success rate",DERIVED,Accept (or edit wording),"Yes - text, only if changed",,
X0454,Equipment - relic,EQ-R09,Painter's Lens,Visual / ROM representation,concept art only; ROM keeps the existing icon family unless a UI expansion is approved,Content_Data v1.2 xlsx Equipment_Art_Prompts (LOCK-06),vanilla relic icon ($B0 Goggles template; no Goggles property copied),MATCH,—,No,,
X0455,Equipment - relic,EQ-R09,Painter's Lens,Balance guardrail,BAL-09/BAL-18: identity or defensive sidegrade; optional ASM perks need a stat fallback,Balance_Guardrails,data-only effect,MATCH,—,No,,
X0456,Equipment - relic,EQ-R10,Elder's Seal,Name,Elder's Seal,Content_Data v1.2 xlsx Relics,locked_name 'Elder's Seal',MATCH,—,No,,
X0457,Equipment - relic,EQ-R10,Elder's Seal,In-game display name (12-char field),Elder's Seal,Content_Data v1.2 xlsx Relics,'Elder's Seal',MATCH,—,No,,
X0458,Equipment - relic,EQ-R10,Elder's Seal,Category / slot,Relic,Content_Data v1.2 xlsx Relics,relic/relic (template Goggles),MATCH,—,No,,
X0459,Equipment - relic,EQ-R10,Elder's Seal,Equip mask (users),Strago,Content_Data v1.2 xlsx Relics,Strago,MATCH,—,No,,
X0460,Equipment - relic,EQ-R10,Elder's Seal,Stat bonuses (Vig/Spd/Sta/Mag/Eva/M.Eva),Mag +5,Content_Data v1.2 xlsx Relics,Mag +5,MATCH,—,No,,
X0461,Equipment - relic,EQ-R10,Elder's Seal,Element / status / special effect,MP +12.5%; Silence immunity,Content_Data v1.2 xlsx Relics,"relic bit MP_PLUS_12, immune SILENCE",MATCH,—,No,,
X0462,Equipment - relic,EQ-R10,Elder's Seal,Acquisition / source,Ancient lore,Content_Data v1.2 xlsx Relics,quest_reward: Ancient lore; conditions ['PREREQ_ANCIENT_LORE']; symbol EV_REWARD_ANCIENT_LORE_ELDERS_SEAL,MATCH,Define later,No (source metadata only; placing it later is CONTENT work),Later,Undefined.
X0463,Equipment - relic,EQ-R10,Elder's Seal,Story arc binding,not locked,Content_Data v1.2 xlsx / Master Design Bible v1.0,PREREQ_ANCIENT_LORE,DERIVED,—,No,,
X0464,Equipment - relic,EQ-R10,Elder's Seal,Description,not locked,—,"Mag pwr up, MP up by 1/8 / Prevents Mute",DERIVED,Accept (or edit wording),"Yes - text, only if changed",,
X0465,Equipment - relic,EQ-R10,Elder's Seal,Visual / ROM representation,concept art only; ROM keeps the existing icon family unless a UI expansion is approved,Content_Data v1.2 xlsx Equipment_Art_Prompts (LOCK-06),vanilla relic icon ($B0 Goggles template; no Goggles property copied),MATCH,—,No,,
X0466,Equipment - relic,EQ-R10,Elder's Seal,Balance guardrail,BAL-09/BAL-18: identity or defensive sidegrade; optional ASM perks need a stat fallback,Balance_Guardrails,data-only effect,MATCH,—,No,,
X0467,Equipment - relic,EQ-R11,Engineer's Badge,Name,Engineer's Badge,Content_Data v1.2 xlsx Relics,locked_name 'Engineer's Badge',MATCH,—,No,,
X0468,Equipment - relic,EQ-R11,Engineer's Badge,In-game display name (12-char field),Engineer's Badge,Content_Data v1.2 xlsx Relics,'Eng. Badge',DERIVED,Accept the abbreviation (R21) or approve a UI name-field widening (engine work),"Yes - text, only if changed",Confirm,
X0469,Equipment - relic,EQ-R11,Engineer's Badge,Category / slot,Relic,Content_Data v1.2 xlsx Relics,relic/relic (template Goggles),MATCH,—,No,,
X0470,Equipment - relic,EQ-R11,Engineer's Badge,Equip mask (users),Edgar,Content_Data v1.2 xlsx Relics,Edgar,MATCH,—,No,,
X0471,Equipment - relic,EQ-R11,Engineer's Badge,Stat bonuses (Vig/Spd/Sta/Mag/Eva/M.Eva),"Vig +3, Spd +3",Content_Data v1.2 xlsx Relics,"Vig +3, Spd +3",MATCH,—,No,,
X0472,Equipment - relic,EQ-R11,Engineer's Badge,"ASM-enhanced effect (deferred, R14)",Tools damage +10% (ASM),Content_Data v1.2 xlsx Relics; Master Design Bible v1.0 §17,not implemented (BAL-18 fallback running),MATCH,Implement only in a relic-ASM TECH gate,Yes - engine/ASM (future module),,
X0473,Equipment - relic,EQ-R11,Engineer's Badge,Relic fallback effect (BAL-18),stats only,Content_Data v1.2 xlsx Relics; Master Design Bible v1.0 §17,"deferred; fallback = Vig +3, Spd +3",MATCH,—,No,,
X0474,Equipment - relic,EQ-R11,Engineer's Badge,Acquisition / source,Figaro,Content_Data v1.2 xlsx Relics,quest_reward: Figaro; conditions ['PREREQ_FIGARO_ENGINEERS']; symbol EV_REWARD_FIGARO_ENGINEERS_BADGE,MATCH,—,No (source metadata only; placing it later is CONTENT work),,
X0475,Equipment - relic,EQ-R11,Engineer's Badge,Story arc binding,ARC-5 Figaro,Content_Data v1.2 xlsx Quest_Arcs / Bosses / Master Design Bible v1.0,PREREQ_FIGARO_ENGINEERS,MATCH,—,No,,
X0476,Equipment - relic,EQ-R11,Engineer's Badge,Description,not locked,—,Engineer's Badge / Raises Vigor and Speed,DERIVED,Accept (or edit wording),"Yes - text, only if changed",,
X0477,Equipment - relic,EQ-R11,Engineer's Badge,Visual / ROM representation,concept art only; ROM keeps the existing icon family unless a UI expansion is approved,Content_Data v1.2 xlsx Equipment_Art_Prompts (LOCK-06),vanilla relic icon ($B0 Goggles template; no Goggles property copied),MATCH,—,No,,
X0478,Equipment - relic,EQ-R11,Engineer's Badge,Balance guardrail,BAL-09/BAL-18: identity or defensive sidegrade; optional ASM perks need a stat fallback,Balance_Guardrails,stat/passive fallback present,MATCH,—,No,,
X0479,Equipment - relic,EQ-R12,Master's Cord,Name,Master's Cord,Content_Data v1.2 xlsx Relics,locked_name 'Master's Cord',MATCH,—,No,,
X0480,Equipment - relic,EQ-R12,Master's Cord,In-game display name (12-char field),Master's Cord,Content_Data v1.2 xlsx Relics,'Master'sCord',DERIVED,Accept the abbreviation (R21) or approve a UI name-field widening (engine work),"Yes - text, only if changed",Confirm,
X0481,Equipment - relic,EQ-R12,Master's Cord,Category / slot,Relic,Content_Data v1.2 xlsx Relics,relic/relic (template Goggles),MATCH,—,No,,
X0482,Equipment - relic,EQ-R12,Master's Cord,Equip mask (users),Sabin,Content_Data v1.2 xlsx Relics,Sabin,MATCH,—,No,,
X0483,Equipment - relic,EQ-R12,Master's Cord,Stat bonuses (Vig/Spd/Sta/Mag/Eva/M.Eva),"Vig +5, Sta +5",Content_Data v1.2 xlsx Relics,"Vig +5, Sta +5",MATCH,—,No,,
X0484,Equipment - relic,EQ-R12,Master's Cord,"ASM-enhanced effect (deferred, R14)",Blitz damage +10% (ASM),Content_Data v1.2 xlsx Relics; Master Design Bible v1.0 §17,not implemented (BAL-18 fallback running),MATCH,Implement only in a relic-ASM TECH gate,Yes - engine/ASM (future module),,
X0485,Equipment - relic,EQ-R12,Master's Cord,Relic fallback effect (BAL-18),stats only,Content_Data v1.2 xlsx Relics; Master Design Bible v1.0 §17,"deferred; fallback = Vig +5, Sta +5",MATCH,—,No,,
X0486,Equipment - relic,EQ-R12,Master's Cord,Acquisition / source,Duncan,Content_Data v1.2 xlsx Relics,quest_reward: Duncan; conditions ['PREREQ_DUNCAN']; symbol EV_REWARD_DUNCAN_MASTERS_CORD,MATCH,—,No (source metadata only; placing it later is CONTENT work),,
X0487,Equipment - relic,EQ-R12,Master's Cord,Story arc binding,ARC-5 Sabin trial,Content_Data v1.2 xlsx Quest_Arcs / Bosses / Master Design Bible v1.0,PREREQ_DUNCAN,MATCH,—,No,,
X0488,Equipment - relic,EQ-R12,Master's Cord,Description,not locked,—,Master's Cord / Raises Vigor and Stamina,DERIVED,Accept (or edit wording),"Yes - text, only if changed",,
X0489,Equipment - relic,EQ-R12,Master's Cord,Visual / ROM representation,concept art only; ROM keeps the existing icon family unless a UI expansion is approved,Content_Data v1.2 xlsx Equipment_Art_Prompts (LOCK-06),vanilla relic icon ($B0 Goggles template; no Goggles property copied),MATCH,—,No,,
X0490,Equipment - relic,EQ-R12,Master's Cord,Balance guardrail,BAL-09/BAL-18: identity or defensive sidegrade; optional ASM perks need a stat fallback,Balance_Guardrails,stat/passive fallback present,MATCH,—,No,,
X0491,Equipment - relic,EQ-R13,Legacy of the Magi,Name,Legacy of the Magi,Content_Data v1.2 xlsx Relics,locked_name 'Legacy of the Magi',MATCH,—,No,,
X0492,Equipment - relic,EQ-R13,Legacy of the Magi,In-game display name (12-char field),Legacy of the Magi,Content_Data v1.2 xlsx Relics,'LegacyofMagi',DERIVED,Accept the abbreviation (R21) or approve a UI name-field widening (engine work),"Yes - text, only if changed",Confirm,
X0493,Equipment - relic,EQ-R13,Legacy of the Magi,Category / slot,Relic,Content_Data v1.2 xlsx Relics,relic/relic (template Goggles),MATCH,—,No,,
X0494,Equipment - relic,EQ-R13,Legacy of the Magi,Equip mask (users),Terra/Celes/Relm/Strago/Gogo,Content_Data v1.2 xlsx Relics,"Terra, Celes, Strago, Relm, Gogo",MATCH,—,No,,
X0495,Equipment - relic,EQ-R13,Legacy of the Magi,Stat bonuses (Vig/Spd/Sta/Mag/Eva/M.Eva),"Mag +7, M.Eva +30",Content_Data v1.2 xlsx Relics,"Mag +7, M.Eva +30",MATCH,—,No,,
X0496,Equipment - relic,EQ-R13,Legacy of the Magi,Element / status / special effect,MP +25%; does not teach Ultima,Content_Data v1.2 xlsx Relics; Master Design Bible v1.0 §11,relic bit MP_PLUS_25; no spell learning,MATCH,—,No,,
X0497,Equipment - relic,EQ-R13,Legacy of the Magi,Acquisition / source,Vael Unbound superboss reward,Content_Data v1.2 xlsx Bosses; Master Design Bible v1.0 §11,boss_reward: Vael Unbound (superboss); conditions ['PREREQ_VAEL_UNBOUND']; symbol EV_BOSS_VAEL_UNBOUND_LEGACY_OF_THE_MAGI,MATCH,—,No (source metadata only; placing it later is CONTENT work),,
X0498,Equipment - relic,EQ-R13,Legacy of the Magi,Story arc binding,ARC-8 First Magi,Content_Data v1.2 xlsx Quest_Arcs / Bosses / Master Design Bible v1.0,PREREQ_VAEL_UNBOUND,MATCH,—,No,,
X0499,Equipment - relic,EQ-R13,Legacy of the Magi,Description,not locked,—,"Legacy of the Magi / Mag pwr, MBlock, MP 1/4 up",DERIVED,Accept (or edit wording),"Yes - text, only if changed",,
X0500,Equipment - relic,EQ-R13,Legacy of the Magi,Visual / ROM representation,concept art only; ROM keeps the existing icon family unless a UI expansion is approved,Content_Data v1.2 xlsx Equipment_Art_Prompts (LOCK-06),vanilla relic icon ($B0 Goggles template; no Goggles property copied),MATCH,—,No,,
X0501,Equipment - relic,EQ-R13,Legacy of the Magi,Balance guardrail,BAL-09/BAL-18: identity or defensive sidegrade; optional ASM perks need a stat fallback,Balance_Guardrails,data-only effect,MATCH,—,No,,
X0502,Consumable,CN-01,Gaia Tonic,Name,Gaia Tonic,Master Design Bible v1.0 §18,'Gaia Tonic',MATCH,—,No,,
X0503,Consumable,CN-01,Gaia Tonic,In-game display name,Gaia Tonic,Master Design Bible v1.0 §18,'Gaia Tonic',MATCH,—,No,,
X0504,Consumable,CN-01,Gaia Tonic,Effect,"heals 1,500 HP + Regen, one ally",Master Design Bible v1.0 §18,HP +240 (party; halved in battle -> measured ~105-120 each; 240 in field),MISMATCH,"Single-target heal + set Regen. 1,500 HP is above the vanilla item ceiling (flat power max 255; measured ~1 HP per point). Options: (a) fraction heal (e.g. 6/16 max HP) + Regen, (b) item-power multiplier ASM, (c) versioned design change of the number",Yes - data (ItemProp) + builder validator change (status-SET is refused today); option (b) = engine,YES,Status-set on an item must be emulator-proven first.
X0505,Consumable,CN-01,Gaia Tonic,Targeting,one ally,Master Design Bible v1.0 §18,ALL_ALLIES,MISMATCH,ONE_ALLY,Yes - data (ItemProp targeting),,
X0506,Consumable,CN-01,Gaia Tonic,Battle / field use,consumable (both implied),Master Design Bible v1.0 §18,battle=True field=True,MATCH,—,No,,
X0507,Consumable,CN-01,Gaia Tonic,Shop / sold,sold in Rebuilt Mobliz shop; also 'Seeds for Tomorrow' quest reward x3,"Master Design Bible v1.0 §12, §19",sold_in_shops=True (rebuilt shops (World of Ruin reconstruction)),MISMATCH,Sold in a 'Rebuilt Mobliz' shop (currently in generic shop $80/$81); add the x3 quest reward binding,Yes - data (XShopProp),,
X0508,Consumable,CN-01,Gaia Tonic,Price,not locked,—,1500 GP,DERIVED,"Confirm 1,500 GP",Yes - data only if changed,,
X0509,Consumable,CN-01,Gaia Tonic,Acquisition / source (non-shop),Seeds for Tomorrow quest reward x3,Master Design Bible v1.0 §12,shop: rebuilt shops (World of Ruin reconstruction); PREREQ_RECONSTRUCTION_SHOPS,MISMATCH,Add the quest reward binding,No (source metadata only),,
X0510,Consumable,CN-01,Gaia Tonic,Rarity,not locked,Master Design Bible v1.0 §18,common,DERIVED,—,No,,
X0511,Consumable,CN-01,Gaia Tonic,Animation,not locked (VFX locks prefer vanilla effect reuse),Content_Data v1.2 xlsx VFX_Animation_Locks,E9,DERIVED,—,Yes - data only if changed,,
X0512,Consumable,CN-01,Gaia Tonic,Description,not locked,—,Restores HP to the party / (menu: one member),DERIVED,Rewrite to match the corrected effect,Yes - text (FA description),,
X0513,Consumable,CN-01,Gaia Tonic,Exclusions (steal/drop/throw/wager),BAL-17: signature gear reserved; consumables may drop/steal,Balance_Guardrails BAL-17,all excluded (v0.9 rule),DERIVED,Keep for now; revisit if mobs should drop them,No,,
X0514,Consumable,CN-02,Aether Flask,Name,Aether Flask,Master Design Bible v1.0 §18,'Aether Flask',MATCH,—,No,,
X0515,Consumable,CN-02,Aether Flask,In-game display name,Aether Flask,Master Design Bible v1.0 §18,'AetherFlask',DERIVED,Accept 12-char form,No,,
X0516,Consumable,CN-02,Aether Flask,Effect,restores 100 MP,Master Design Bible v1.0 §18,MP +250,MISMATCH,Power 250 -> 100 (fits vanilla item code),Yes - data (ItemProp power),,
X0517,Consumable,CN-02,Aether Flask,Targeting,not stated (single implied),Master Design Bible v1.0 §18,ONE_ALLY,DERIVED,Accept ONE_ALLY,No,,
X0518,Consumable,CN-02,Aether Flask,Battle / field use,consumable,Master Design Bible v1.0 §18,battle=True field=True,MATCH,—,No,,
X0519,Consumable,CN-02,Aether Flask,Shop / sold,not listed in any locked shop,Master Design Bible v1.0 §19,sold_in_shops=False (story chests / quest rewards (not sold)),DERIVED,Accept 'not sold' (or decide),No,,
X0520,Consumable,CN-02,Aether Flask,Price,not locked,—,2 (unsold placeholder),DERIVED,—,No,,
X0521,Consumable,CN-02,Aether Flask,Acquisition / source (non-shop),not locked,"Master Design Bible v1.0 §12, §19",event_chest: story chests / quest rewards (not sold); PREREQ_TBD_ARC_DESIGN,DERIVED,—,No (source metadata only),,
X0522,Consumable,CN-02,Aether Flask,Rarity,not locked,Master Design Bible v1.0 §18,rare,DERIVED,—,No,,
X0523,Consumable,CN-02,Aether Flask,Animation,not locked (VFX locks prefer vanilla effect reuse),Content_Data v1.2 xlsx VFX_Animation_Locks,EC,DERIVED,—,Yes - data only if changed,,
X0524,Consumable,CN-02,Aether Flask,Description,not locked,—,Aether Flask / Restores a lot of MP,DERIVED,Rewrite to match the corrected effect,Yes - text (FA description),,
X0525,Consumable,CN-02,Aether Flask,Exclusions (steal/drop/throw/wager),BAL-17: signature gear reserved; consumables may drop/steal,Balance_Guardrails BAL-17,all excluded (v0.9 rule),DERIVED,Keep for now; revisit if mobs should drop them,No,,
X0526,Consumable,CN-03,Phoenix Ash,Name,Phoenix Ash,Master Design Bible v1.0 §18,'Phoenix Ash',MATCH,—,No,,
X0527,Consumable,CN-03,Phoenix Ash,In-game display name,Phoenix Ash,Master Design Bible v1.0 §18,'Phoenix Ash',MATCH,—,No,,
X0528,Consumable,CN-03,Phoenix Ash,Effect,revives one ally at 50% HP,Master Design Bible v1.0 §18,HP +8/16 max; cures DEAD,MATCH,—,No,,
X0529,Consumable,CN-03,Phoenix Ash,Targeting,one ally,Master Design Bible v1.0 §18,ONE_ALLY,MATCH,—,No,,
X0530,Consumable,CN-03,Phoenix Ash,Battle / field use,rare consumable,Master Design Bible v1.0 §18,battle=True field=True,MATCH,—,No,,
X0531,Consumable,CN-03,Phoenix Ash,Shop / sold,type 'rare consumable'; not in any shop list,Master Design Bible v1.0 §18-19,sold_in_shops=False (arc boss rewards (not sold)),MATCH,—,No,,
X0532,Consumable,CN-03,Phoenix Ash,Price,not locked,—,2 (unsold placeholder),DERIVED,—,No,,
X0533,Consumable,CN-03,Phoenix Ash,Acquisition / source (non-shop),not locked,"Master Design Bible v1.0 §12, §19",boss_reward: arc boss rewards (not sold); PREREQ_TBD_ARC_DESIGN,DERIVED,—,No (source metadata only),,
X0534,Consumable,CN-03,Phoenix Ash,Rarity,rare consumable,Master Design Bible v1.0 §18,rare,MATCH,—,No,,
X0535,Consumable,CN-03,Phoenix Ash,Animation,not locked (VFX locks prefer vanilla effect reuse),Content_Data v1.2 xlsx VFX_Animation_Locks,F0,DERIVED,—,Yes - data only if changed,,
X0536,Consumable,CN-03,Phoenix Ash,Description,not locked,—,Revives one ally / with half of max HP,DERIVED,—,No,,
X0537,Consumable,CN-03,Phoenix Ash,Exclusions (steal/drop/throw/wager),BAL-17: signature gear reserved; consumables may drop/steal,Balance_Guardrails BAL-17,all excluded (v0.9 rule),DERIVED,Keep for now; revisit if mobs should drop them,No,,
X0538,Consumable,CN-04,Null Dust,Name,Null Dust,Master Design Bible v1.0 §18,'Null Dust',MATCH,—,No,,
X0539,Consumable,CN-04,Null Dust,In-game display name,Null Dust,Master Design Bible v1.0 §18,'Null Dust',MATCH,—,No,,
X0540,Consumable,CN-04,Null Dust,Effect,Dispel one target,Master Design Bible v1.0 §18,removes REGEN/HASTE/SHELL/SAFE/REFLECT/FLOAT,MISMATCH,"Copy vanilla Dispel's removal mask (read from Rev 1 spell $2C: Vanish, Image, Berserk, Regen, Slow, Haste, Stop, Shell, Safe, Reflect, Life 3, Float); v0.9 removes only 6 of these",Yes - data (ItemProp status bytes),Confirm,
X0541,Consumable,CN-04,Null Dust,Targeting,one target,Master Design Bible v1.0 §18,ONE_ENEMY,MATCH,— (vanilla Dispel targeting byte is also $41),No,,
X0542,Consumable,CN-04,Null Dust,Battle / field use,battle item,Master Design Bible v1.0 §18,battle=True field=False,MATCH,—,No,,
X0543,Consumable,CN-04,Null Dust,Shop / sold,not listed in any locked shop,Master Design Bible v1.0 §19,sold_in_shops=True (rebuilt shops (World of Ruin reconstruction)),DERIVED,Decide whether it is sold,Yes - data (XShopProp) if removed,Confirm,
X0544,Consumable,CN-04,Null Dust,Price,not locked,—,800 GP,DERIVED,Confirm 800 GP if sold,No,,
X0545,Consumable,CN-04,Null Dust,Acquisition / source (non-shop),not locked,"Master Design Bible v1.0 §12, §19",shop: rebuilt shops (World of Ruin reconstruction); PREREQ_RECONSTRUCTION_SHOPS,DERIVED,—,No (source metadata only),,
X0546,Consumable,CN-04,Null Dust,Rarity,not locked,Master Design Bible v1.0 §18,uncommon,DERIVED,—,No,,
X0547,Consumable,CN-04,Null Dust,Animation,not locked (VFX locks prefer vanilla effect reuse),Content_Data v1.2 xlsx VFX_Animation_Locks,F5,DERIVED,—,Yes - data only if changed,,
X0548,Consumable,CN-04,Null Dust,Description,not locked,—,Strips Haste/Safe/Shell/ / Regen/Reflect/Float,DERIVED,Rewrite to match the corrected effect,Yes - text (FA description),,
X0549,Consumable,CN-04,Null Dust,Exclusions (steal/drop/throw/wager),BAL-17: signature gear reserved; consumables may drop/steal,Balance_Guardrails BAL-17,all excluded (v0.9 rule),DERIVED,Keep for now; revisit if mobs should drop them,No,,
X0550,Consumable,CN-05,Iron Ration,Name,Iron Ration,Master Design Bible v1.0 §18,'Iron Ration',MATCH,—,No,,
X0551,Consumable,CN-05,Iron Ration,In-game display name,Iron Ration,Master Design Bible v1.0 §18,'Iron Ration',MATCH,—,No,,
X0552,Consumable,CN-05,Iron Ration,Effect,heals 600 HP,Master Design Bible v1.0 §18,HP +200; cures POISON,MISMATCH,600 HP is above the 255 flat-power ceiling. Options as Gaia Tonic (fraction / ASM / design change). Also remove the unlocked Poison cure unless approved,Yes - data (ItemProp); ASM if a true 600,YES,
X0553,Consumable,CN-05,Iron Ration,Targeting,not stated (single implied),Master Design Bible v1.0 §18,ONE_ALLY,DERIVED,Accept ONE_ALLY,No,,
X0554,Consumable,CN-05,Iron Ration,Battle / field use,field/battle,Master Design Bible v1.0 §18,battle=True field=True,MATCH,—,No,,
X0555,Consumable,CN-05,Iron Ration,Shop / sold,cheap reconstruction-shop item; Rebuilt Mobliz shop,Master Design Bible v1.0 §18-19,sold_in_shops=True (rebuilt shops (World of Ruin reconstruction)),MISMATCH,Sell in the 'Rebuilt Mobliz' shop,Yes - data (XShopProp),,
X0556,Consumable,CN-05,Iron Ration,Price,'cheap' (no number),Master Design Bible v1.0 §18,250 GP,DERIVED,Confirm 250 GP,No,,
X0557,Consumable,CN-05,Iron Ration,Acquisition / source (non-shop),not locked,"Master Design Bible v1.0 §12, §19",shop: rebuilt shops (World of Ruin reconstruction); PREREQ_RECONSTRUCTION_SHOPS,DERIVED,—,No (source metadata only),,
X0558,Consumable,CN-05,Iron Ration,Rarity,not locked,Master Design Bible v1.0 §18,common,DERIVED,—,No,,
X0559,Consumable,CN-05,Iron Ration,Animation,not locked (VFX locks prefer vanilla effect reuse),Content_Data v1.2 xlsx VFX_Animation_Locks,FE,DERIVED,—,Yes - data only if changed,,
X0560,Consumable,CN-05,Iron Ration,Description,not locked,—,Restores HP and / cures Poison,DERIVED,Rewrite to match the corrected effect,Yes - text (FA description),,
X0561,Consumable,CN-05,Iron Ration,Exclusions (steal/drop/throw/wager),BAL-17: signature gear reserved; consumables may drop/steal,Balance_Guardrails BAL-17,all excluded (v0.9 rule),DERIVED,Keep for now; revisit if mobs should drop them,No,,
X0562,Consumable,CN-06,Remedy+,Name,Remedy+,Master Design Bible v1.0 §18,'Remedy+',MATCH,—,No,,
X0563,Consumable,CN-06,Remedy+,In-game display name,Remedy+,Master Design Bible v1.0 §18,'Remedy+',MATCH,—,No,,
X0564,Consumable,CN-06,Remedy+,Effect,cures normal status + Zombie,Master Design Bible v1.0 §18,removes BLIND/ZOMBIE/POISON/IMP/PETRIFY/CONDEMNED/SILENCE/BERSERK/CONFUSE/SAP/SLEEP/SLOW/STOP,MISMATCH,Vanilla Remedy set (Blind/Poison/Imp/Petrify/Mute/Sap) + Zombie; drop Condemned/Berserk/Muddle/Sleep/Slow/Stop unless 'normal status' is meant broadly,Yes - data (ItemProp status bytes),Confirm,
X0565,Consumable,CN-06,Remedy+,Targeting,not stated (single implied),Master Design Bible v1.0 §18,ONE_ALLY,DERIVED,Accept ONE_ALLY,No,,
X0566,Consumable,CN-06,Remedy+,Battle / field use,rare,Master Design Bible v1.0 §18,battle=True field=True,MATCH,—,No,,
X0567,Consumable,CN-06,Remedy+,Shop / sold,type 'rare'; not in any locked shop list,Master Design Bible v1.0 §18-19,sold_in_shops=True (rebuilt shops (late reconstruction)),MISMATCH,"Remove from shop $81 (make it a found / reward item), or approve selling it","Yes - data (XShopProp, sellable flag)",Confirm,
X0568,Consumable,CN-06,Remedy+,Price,not locked,—,3000 GP,DERIVED,—,No,,
X0569,Consumable,CN-06,Remedy+,Acquisition / source (non-shop),not locked,"Master Design Bible v1.0 §12, §19",shop: rebuilt shops (late reconstruction); PREREQ_RECONSTRUCTION_LATE,DERIVED,—,No (source metadata only),,
X0570,Consumable,CN-06,Remedy+,Rarity,rare,Master Design Bible v1.0 §18,uncommon,MISMATCH,Set rarity 'rare' and stop selling it,No,,
X0571,Consumable,CN-06,Remedy+,Animation,not locked (VFX locks prefer vanilla effect reuse),Content_Data v1.2 xlsx VFX_Animation_Locks,F5,DERIVED,—,Yes - data only if changed,,
X0572,Consumable,CN-06,Remedy+,Description,not locked,—,Cures all bad status / incl. Zombie/Muddle/Stop,DERIVED,Rewrite to match the corrected effect,Yes - text (FA description),,
X0573,Consumable,CN-06,Remedy+,Exclusions (steal/drop/throw/wager),BAL-17: signature gear reserved; consumables may drop/steal,Balance_Guardrails BAL-17,all excluded (v0.9 rule),DERIVED,Keep for now; revisit if mobs should drop them,No,,
X0574,Consumable,CN-07,Beacon Flare,Name,Beacon Flare,Master Design Bible v1.0 §18,'Beacon Flare',MATCH,—,No,,
X0575,Consumable,CN-07,Beacon Flare,In-game display name,Beacon Flare,Master Design Bible v1.0 §18,'BeaconFlare',DERIVED,Accept 12-char form,No,,
X0576,Consumable,CN-07,Beacon Flare,Effect,Fire damage to all + reveals invisible enemies,Master Design Bible v1.0 §18,damage 255 FIRE,MISMATCH,Add the reveal (e.g. remove Vanish from targets) after an emulator check that one item record can both damage and remove a status; define 'invisible',Yes - data (ItemProp); engine work if not possible in one record,YES,
X0577,Consumable,CN-07,Beacon Flare,Targeting,all enemies,Master Design Bible v1.0 §18,ALL_ENEMIES,MATCH,—,No,,
X0578,Consumable,CN-07,Beacon Flare,Battle / field use,battle,Master Design Bible v1.0 §18,battle=True field=False,MATCH,—,No,,
X0579,Consumable,CN-07,Beacon Flare,Shop / sold,not listed in any locked shop,Master Design Bible v1.0 §19,sold_in_shops=False (Beacon quest (not sold)),DERIVED,—,No,,
X0580,Consumable,CN-07,Beacon Flare,Price,not locked,—,2 (unsold placeholder),DERIVED,—,No,,
X0581,Consumable,CN-07,Beacon Flare,Acquisition / source (non-shop),not locked,"Master Design Bible v1.0 §12, §19",quest_reward: Beacon quest (not sold); PREREQ_BEACON_QUEST,DERIVED,—,No (source metadata only),,
X0582,Consumable,CN-07,Beacon Flare,Rarity,not locked,Master Design Bible v1.0 §18,rare,DERIVED,—,No,,
X0583,Consumable,CN-07,Beacon Flare,Animation,not locked (VFX locks prefer vanilla effect reuse),Content_Data v1.2 xlsx VFX_Animation_Locks,SPELL:FIRE_2,DERIVED,—,Yes - data only if changed,,
X0584,Consumable,CN-07,Beacon Flare,Description,not locked,—,Beacon Flare / Fire damage to all foes,DERIVED,Rewrite to match the corrected effect,Yes - text (FA description),,
X0585,Consumable,CN-07,Beacon Flare,Exclusions (steal/drop/throw/wager),BAL-17: signature gear reserved; consumables may drop/steal,Balance_Guardrails BAL-17,all excluded (v0.9 rule),DERIVED,Keep for now; revisit if mobs should drop them,No,,
X0586,Consumable,CN-08,Magitek Cell,Name,Magitek Cell,Master Design Bible v1.0 §18,'Magitek Cell',MATCH,—,No,,
X0587,Consumable,CN-08,Magitek Cell,In-game display name,Magitek Cell,Master Design Bible v1.0 §18,'MagitekCell',DERIVED,Accept 12-char form,No,,
X0588,Consumable,CN-08,Magitek Cell,Effect,Lightning non-elemental hybrid damage; limited quantity,Master Design Bible v1.0 §18,MP +120,MISMATCH,"Re-author as a battle damage item (not party MP restore). Define 'hybrid' (e.g. Lightning element at reduced power, or two-hit)",Yes - data (ItemProp) + description,YES,
X0589,Consumable,CN-08,Magitek Cell,Targeting,not stated,Master Design Bible v1.0 §18,ALL_ALLIES,DERIVED,Decide (one enemy / all enemies),Yes - data,YES,
X0590,Consumable,CN-08,Magitek Cell,Battle / field use,battle,Master Design Bible v1.0 §18,battle=True field=False,MATCH,—,No,,
X0591,Consumable,CN-08,Magitek Cell,Shop / sold,Figaro Foundry 'sells limited Magitek Cell after Celes arc',Master Design Bible v1.0 §19,sold_in_shops=False (Magitek research / Vector arc (not sold)),MISMATCH,"Sold (limited) at the Figaro Foundry shop, unlocked by EXP_CELES_DONE. Vanilla shops cannot limit stock: needs an event-driven sale or a design reading of 'limited'",Yes - data (XShopProp) + events,YES,Direct Celes-arc dependency.
X0592,Consumable,CN-08,Magitek Cell,Price,not locked,—,2 (unsold placeholder),DERIVED,Set when sold,Yes - data,,
X0593,Consumable,CN-08,Magitek Cell,Acquisition / source (non-shop),Figaro Foundry shop after Celes arc,Master Design Bible v1.0 §19,quest_reward: Magitek research / Vector arc (not sold); PREREQ_VECTOR_ARC,MISMATCH,Bind to Figaro Foundry + EXP_CELES_DONE,No (source metadata only),,
X0594,Consumable,CN-08,Magitek Cell,Rarity,not locked,Master Design Bible v1.0 §18,rare,DERIVED,—,No,,
X0595,Consumable,CN-08,Magitek Cell,Animation,not locked (VFX locks prefer vanilla effect reuse),Content_Data v1.2 xlsx VFX_Animation_Locks,ED,DERIVED,Re-pick for Magitek Cell (damage item),Yes - data only if changed,,
X0596,Consumable,CN-08,Magitek Cell,Description,not locked,—,Magitek Cell / Restores the party's MP,DERIVED,Rewrite to match the corrected effect,Yes - text (FA description),,
X0597,Consumable,CN-08,Magitek Cell,Exclusions (steal/drop/throw/wager),BAL-17: signature gear reserved; consumables may drop/steal,Balance_Guardrails BAL-17,all excluded (v0.9 rule),DERIVED,Keep for now; revisit if mobs should drop them,No,,
X0598,Key / rare item,KI-01,Darill's Token,Name,Darill's Token,Master Design Bible v1.0 §18,'Darill's Token' (rare id 20),MATCH,—,No,,
X0599,Key / rare item,KI-01,Darill's Token,In-game display name (13-char rare field),Darill's Token,—,'Darill'sToken',DERIVED,Accept,No,,
X0600,Key / rare item,KI-01,Darill's Token,Acquisition / source,"WOB-C scene (Blackjack, before Floating Continent); if missed, found in the Falcon cabin; Setzer mounts it beside the chart at arc end","Master Design Bible v1.0 §2, §9, §10, §11, §18; NP v1.1 line 1663; Content_Data v1.2 xlsx Arc_Beat_Lock, Key_Props",Setzer arc: Darill's tomb / Falcon; prereq ['PREREQ_SETZER_ARC'],MISMATCH,"Source = WOB-C scene, fallback Falcon cabin (not Darill's Tomb)",No (source metadata only),,
X0601,Key / rare item,KI-01,Darill's Token,Story arc binding,"ARC-6 Setzer (trigger), WOB-C seed","Master Design Bible v1.0 §2, §9, §10, §11, §18; NP v1.1 line 1663; Content_Data v1.2 xlsx Arc_Beat_Lock, Key_Props",Setzer arc (Darill),MATCH,—,No,,
X0602,Key / rare item,KI-01,Darill's Token,Function / dependency,unlocks the Last Race (Setzer arc),"Master Design Bible v1.0 §2, §9, §10, §11, §18; NP v1.1 line 1663; Content_Data v1.2 xlsx Arc_Beat_Lock, Key_Props",ending_dependency: none; consumed: no,DERIVED,Record 'unlocks the Last Race',No,,
X0603,Key / rare item,KI-01,Darill's Token,Prerequisite,Setzer recruited + Darill's Tomb done; token optional (CAN-022),"Master Design Bible v1.0 §2, §9, §10, §11, §18; NP v1.1 line 1663; Content_Data v1.2 xlsx Arc_Beat_Lock, Key_Props",PREREQ_SETZER_ARC,DERIVED,Map to arc flags when built,No,,
X0604,Key / rare item,KI-01,Darill's Token,Description,not locked,—,"A token of Darill, kept / aboard the Falcon.",DERIVED,Accept or edit,"Yes - text, only if changed",,
X0605,Key / rare item,KI-01,Darill's Token,Combat stats,none (key item),"Master Design Bible v1.0 §11, §18",null,MATCH,—,No,,
X0606,Key / rare item,KI-02,Concord Sigil,Name,Concord Sigil,Master Design Bible v1.0 §18,'Concord Sigil' (rare id 21),MATCH,—,No,,
X0607,Key / rare item,KI-02,Concord Sigil,In-game display name (13-char rare field),Concord Sigil,—,'Concord Sigil',MATCH,—,No,,
X0608,Key / rare item,KI-02,Concord Sigil,Acquisition / source,"Concord Sentinel boss, Sanctuary of Concord","Master Design Bible v1.0 §2, §9, §10, §11, §18; NP v1.1 line 1663; Content_Data v1.2 xlsx Arc_Beat_Lock, Key_Props",Sanctuary of Concord; prereq ['PREREQ_SANCTUARY_OF_CONCORD'],MATCH,Bind to the Concord Sentinel defeat,No (source metadata only),,
X0609,Key / rare item,KI-02,Concord Sigil,Story arc binding,ARC-7A,"Master Design Bible v1.0 §2, §9, §10, §11, §18; NP v1.1 line 1663; Content_Data v1.2 xlsx Arc_Beat_Lock, Key_Props",Sanctuary of Concord arc,MATCH,—,No,,
X0610,Key / rare item,KI-02,Concord Sigil,Function / dependency,First Magi gate (one of three sigils),"Master Design Bible v1.0 §2, §9, §10, §11, §18; NP v1.1 line 1663; Content_Data v1.2 xlsx Arc_Beat_Lock, Key_Props",ending_dependency: Triune Sigil prerequisite; consumed: no,MISMATCH,All three sigils together open the Vael chamber / First Magi gate; none is a prerequisite of another,No,,
X0611,Key / rare item,KI-02,Concord Sigil,Prerequisite,Forgotten Age unlock,"Master Design Bible v1.0 §2, §9, §10, §11, §18; NP v1.1 line 1663; Content_Data v1.2 xlsx Arc_Beat_Lock, Key_Props",PREREQ_SANCTUARY_OF_CONCORD,DERIVED,Map to arc flags when built,No,,
X0612,Key / rare item,KI-02,Concord Sigil,Description,"not locked (MB §22 ending vignette: the sigils, 'now powerless stones', are placed in a museum-like chamber)",—,Sigil of the Sanctuary / of Concord.,DERIVED,Accept or edit,"Yes - text, only if changed",,
X0613,Key / rare item,KI-02,Concord Sigil,Combat stats,none (key item),"Master Design Bible v1.0 §11, §18",null,MATCH,—,No,,
X0614,Key / rare item,KI-03,Cinder Sigil,Name,Cinder Sigil,Master Design Bible v1.0 §18,'Cinder Sigil' (rare id 22),MATCH,—,No,,
X0615,Key / rare item,KI-03,Cinder Sigil,In-game display name (13-char rare field),Cinder Sigil,—,'Cinder Sigil',MATCH,—,No,,
X0616,Key / rare item,KI-03,Cinder Sigil,Acquisition / source,"Empyreal Chimera boss, Field of Cinders","Master Design Bible v1.0 §2, §9, §10, §11, §18; NP v1.1 line 1663; Content_Data v1.2 xlsx Arc_Beat_Lock, Key_Props",arc design (source not recovered); prereq ['PREREQ_TBD_ARC_DESIGN'],MISMATCH,Fill the recovered source: Empyreal Chimera / Field of Cinders,No (source metadata only),,
X0617,Key / rare item,KI-03,Cinder Sigil,Story arc binding,ARC-7B,"Master Design Bible v1.0 §2, §9, §10, §11, §18; NP v1.1 line 1663; Content_Data v1.2 xlsx Arc_Beat_Lock, Key_Props",arc TBD (Cinder),MISMATCH,Set arc to ARC-7B,No,,
X0618,Key / rare item,KI-03,Cinder Sigil,Function / dependency,First Magi gate (one of three sigils),"Master Design Bible v1.0 §2, §9, §10, §11, §18; NP v1.1 line 1663; Content_Data v1.2 xlsx Arc_Beat_Lock, Key_Props",ending_dependency: Triune Sigil prerequisite; consumed: no,MISMATCH,All three sigils together open the Vael chamber / First Magi gate; none is a prerequisite of another,No,,
X0619,Key / rare item,KI-03,Cinder Sigil,Prerequisite,Forgotten Age unlock,"Master Design Bible v1.0 §2, §9, §10, §11, §18; NP v1.1 line 1663; Content_Data v1.2 xlsx Arc_Beat_Lock, Key_Props",PREREQ_TBD_ARC_DESIGN,DERIVED,Map to arc flags when built,No,,
X0620,Key / rare item,KI-03,Cinder Sigil,Description,"not locked (MB §22 ending vignette: the sigils, 'now powerless stones', are placed in a museum-like chamber)",—,A sigil warm as / smoldering cinders.,DERIVED,Accept or edit,"Yes - text, only if changed",,
X0621,Key / rare item,KI-03,Cinder Sigil,Combat stats,none (key item),"Master Design Bible v1.0 §11, §18",null,MATCH,—,No,,
X0622,Key / rare item,KI-04,Triune Sigil,Name,Triune Sigil,Master Design Bible v1.0 §18,'Triune Sigil' (rare id 23),MATCH,—,No,,
X0623,Key / rare item,KI-04,Triune Sigil,In-game display name (13-char rare field),Triune Sigil,—,'Triune Sigil',MATCH,—,No,,
X0624,Key / rare item,KI-04,Triune Sigil,Acquisition / source,"Triune Sentinel boss, Shrine of the Silent Three","Master Design Bible v1.0 §2, §9, §10, §11, §18; NP v1.1 line 1663; Content_Data v1.2 xlsx Arc_Beat_Lock, Key_Props","joins the Concord and Cinder sigils; prereq ['HAS_RARE KEY_CONCORD_SIGIL', 'HAS_RARE KEY_CINDER_SIGIL']",MISMATCH,Source = Triune Sentinel defeat; remove the 'requires Concord + Cinder' prerequisite,No (source metadata only),,
X0625,Key / rare item,KI-04,Triune Sigil,Story arc binding,ARC-7C,"Master Design Bible v1.0 §2, §9, §10, §11, §18; NP v1.1 line 1663; Content_Data v1.2 xlsx Arc_Beat_Lock, Key_Props",reconstruction / finale,MISMATCH,Set arc to ARC-7C,No,,
X0626,Key / rare item,KI-04,Triune Sigil,Function / dependency,First Magi gate (one of three sigils),"Master Design Bible v1.0 §2, §9, §10, §11, §18; NP v1.1 line 1663; Content_Data v1.2 xlsx Arc_Beat_Lock, Key_Props",ending_dependency: ending / reconstruction dependency; consumed: no (the two sigils are kept: consumption not locked),MISMATCH,All three sigils together open the Vael chamber / First Magi gate; none is a prerequisite of another,No,,
X0627,Key / rare item,KI-04,Triune Sigil,Prerequisite,Forgotten Age unlock (NOT built from the other two sigils),"Master Design Bible v1.0 §2, §9, §10, §11, §18; NP v1.1 line 1663; Content_Data v1.2 xlsx Arc_Beat_Lock, Key_Props","HAS_RARE KEY_CONCORD_SIGIL, HAS_RARE KEY_CINDER_SIGIL",MISMATCH,Source = Triune Sentinel defeat; remove the 'requires Concord + Cinder' prerequisite,No,,
X0628,Key / rare item,KI-04,Triune Sigil,Description,"text not locked; locked FACT: the Triune Sigil is its own sigil, reward of the Triune Sentinel (MB §10) (MB §22 ending vignette: the sigils, 'now powerless stones', are placed in a museum-like chamber)",—,Three sigils made one.,MISMATCH,Rewrite: 'Three sigils made one.' contradicts the locked source (Triune is its own sigil from the Triune Sentinel),Yes - text (XRareDescText),Confirm,
X0629,Key / rare item,KI-04,Triune Sigil,Combat stats,none (key item),"Master Design Bible v1.0 §11, §18",null,MATCH,—,No,,
X0630,Key / rare item,KI-05,Broken Seal,Name,Broken Seal,Master Design Bible v1.0 §18,'Broken Seal' (rare id 24),MATCH,—,No,,
X0631,Key / rare item,KI-05,Broken Seal,In-game display name (13-char rare field),Broken Seal,—,'Broken Seal',MATCH,—,No,,
X0632,Key / rare item,KI-05,Broken Seal,Acquisition / source,optional trophy from the Vael fight (Scene V07),"Master Design Bible v1.0 §2, §9, §10, §11, §18; NP v1.1 line 1663; Content_Data v1.2 xlsx Arc_Beat_Lock, Key_Props",late story (World of Ruin); prereq ['PREREQ_TBD_ARC_DESIGN'],MISMATCH,"Source = Vael defeat (V07), optional trophy",No (source metadata only),,
X0633,Key / rare item,KI-05,Broken Seal,Story arc binding,ARC-8 First Magi (Hope: Broken Seal),"Master Design Bible v1.0 §2, §9, §10, §11, §18; NP v1.1 line 1663; Content_Data v1.2 xlsx Arc_Beat_Lock, Key_Props",finale / reconstruction,MISMATCH,Set arc to ARC-8 First Magi (Hope: Broken Seal),No,,
X0634,Key / rare item,KI-05,Broken Seal,Function / dependency,no combat effect; expanded-ending condition,"Master Design Bible v1.0 §2, §9, §10, §11, §18; NP v1.1 line 1663; Content_Data v1.2 xlsx Arc_Beat_Lock, Key_Props",ending_dependency: ending / reconstruction dependency; consumed: no,MATCH,—,No,,
X0635,Key / rare item,KI-05,Broken Seal,Prerequisite,Vael defeated,"Master Design Bible v1.0 §2, §9, §10, §11, §18; NP v1.1 line 1663; Content_Data v1.2 xlsx Arc_Beat_Lock, Key_Props",PREREQ_TBD_ARC_DESIGN,DERIVED,Map to arc flags when built,No,,
X0636,Key / rare item,KI-05,Broken Seal,Description,not locked,—,A broken seal. Its power / is spent.,DERIVED,Accept or edit,"Yes - text, only if changed",,
X0637,Key / rare item,KI-05,Broken Seal,Combat stats,none (key item),"Master Design Bible v1.0 §11, §18",null,MATCH,—,No,,
X0638,Extended shop,SHOP-$80,EXT_SHOP_REBUILT_GENERAL,Shop identity + inventory,"Rebuilt Mobliz: Iron Ration, Remedy, Phoenix Down (=Fenix Down), Gaia Tonic, Gaia Gear | Rebuilt Doma: Ashigaru-style existing gear, Doma Edge (only after quest, very high price, if a 2nd copy is allowed), consumable scrolls | Reopened Narshe Forge: Tempered Edge, elemental blades from base game, shields | Figaro Foundry: Tools stay canonical, limited Magitek Cell after Celes arc",Master Design Bible v1.0 §19,"$80: 127, 12B, 12A, E9, EB, F0, F5, F7 — rebuilt general store: Gaia Tonic, Iron Ration, Null Dust + vanilla Potion, Tincture, Fenix Down, Remedy, Tent",MISMATCH,"Re-author the extended shops to the four locked shops (e.g. $80 Rebuilt Mobliz, $81 Narshe Forge, $82 Doma, $83 Figaro Foundry); remove Null Dust / Remedy+ unless approved",Yes - data (XShopProp / XShopPropHi),YES (shop ids + prices),Shops $82-$8F are free today (R40).
X0639,Extended shop,SHOP-$81,EXT_SHOP_REBUILT_LATE,Shop identity + inventory,"Rebuilt Mobliz: Iron Ration, Remedy, Phoenix Down (=Fenix Down), Gaia Tonic, Gaia Gear | Rebuilt Doma: Ashigaru-style existing gear, Doma Edge (only after quest, very high price, if a 2nd copy is allowed), consumable scrolls | Reopened Narshe Forge: Tempered Edge, elemental blades from base game, shields | Figaro Foundry: Tools stay canonical, limited Magitek Cell after Celes arc",Master Design Bible v1.0 §19,"$81: 12C, 127, 12B, 12A, E9, F0, F5, FD — rebuilt late store: Remedy+ (late game) + the general consumables + vanilla Potion, Fenix Down, Remedy, Warp Stone",MISMATCH,"Re-author the extended shops to the four locked shops (e.g. $80 Rebuilt Mobliz, $81 Narshe Forge, $82 Doma, $83 Figaro Foundry); remove Null Dust / Remedy+ unless approved",Yes - data (XShopProp / XShopPropHi),YES (shop ids + prices),Shops $82-$8F are free today (R40).
X0640,Global,SRC-01,Design source version,Version,Design Pack v1.2 CREATIVE LOCK (this upload),README v1.2,v0.7 decision + v0.8 equipment.json cite 'Content_Data_v1.3',DERIVED,"Confirm whether a Content_Data v1.3 exists. All 39 stat lines in v0.8 equal the v1.2 workbook, so no stat changes result either way.",No,YES,
X0641,Global,SRC-02,Hope flags,Count / names,"Quest_Arcs: 8 Hope flags (Empire, Mobliz, Doma, Thamasa, Figaro, Beacon, History, Broken Seal); Event_Flags sheet marks 10 flags 'Hope? Yes'","Content_Data v1.2 xlsx Quest_Arcs, Event_Flags; Master Design Bible v1.0 §2, §22",PROPOSED bits EXP_HOPE_01..08 ($1E9C),DERIVED,Confirm 8 hope flags with the 3 Forgotten Age dungeons as 'History' sub-flags (Arc_Beat_Lock 7A-7D),No,Confirm,
X0642,Global,SRC-03,First Magi unlock,Gate,Bible §10-11: all eight Hope Flags; Arc_Beat_Lock ARC-8: '3 sigils + late WoR/endgame trigger',Master Design Bible v1.0 §10-11; Content_Data v1.2 xlsx Arc_Beat_Lock,not implemented,DERIVED,v1.2 Arc_Beat_Lock wins under the README precedence; confirm,No,Confirm,"Bible requires Hope 8 = Broken Seal before Vael, which is circular."
